arm,step,training_avg_at_8,ppl_gap
baseline,1,0.06640625,0.0020644277246901765
baseline,2,0.0703125,0.0020169815979897976
baseline,3,0.0546875,0.0014090712211327627
baseline,4,0.046875,0.002275991559145041
baseline,5,0.05859375,0.0011116283858427778
baseline,6,0.02734375,0.001430104617611505
baseline,7,0.05078125,0.0019364474137546495
baseline,8,0.08203125,0.0017343358049402013
baseline,9,0.05078125,0.0018896835026680492
baseline,10,0.0703125,0.001648260629735887
baseline,11,0.0390625,0.001890632076538168
baseline,12,0.046875,0.001973657272174023
baseline,13,0.07421875,0.002174536894017365
baseline,14,0.07421875,0.0017105416773119941
baseline,15,0.07421875,0.0015616829114151187
baseline,16,0.06640625,0.0022002917539794
baseline,17,0.07421875,0.0015168647296377458
baseline,18,0.0703125,0.0013845034263795242
baseline,19,0.05078125,0.0011531346754054539
baseline,20,0.05859375,0.0013336928459466435
baseline,21,0.0625,0.0013492554498952813
baseline,22,0.1015625,0.0010256708628730848
baseline,23,0.08203125,0.000922552717383951
baseline,24,0.1875,0.0012236751572345383
baseline,25,0.078125,0.0009726041680551134
baseline,26,0.10546875,0.001574209687532857
baseline,27,0.11328125,0.0013522373992600478
baseline,28,0.12890625,0.000990106382232625
baseline,29,0.171875,0.0009587033855495974
baseline,30,0.09375,0.000922346007428132
baseline,31,0.12109375,0.0007826994697097689
baseline,32,0.125,0.0009742096553964075
baseline,33,0.16015625,0.0008746654930291697
baseline,34,0.18359375,0.0008438819422735833
baseline,35,0.24609375,0.0007851997943362221
baseline,36,0.17578125,0.0007376163557637483
baseline,37,0.18359375,0.0008724056460778229
baseline,38,0.1875,0.0007579848461318761
baseline,39,0.14453125,0.0007719027853454463
baseline,40,0.14453125,0.0009456956104259007
baseline,41,0.2421875,0.0007462420908268541
baseline,42,0.14453125,0.0008364864115719683
baseline,43,0.09765625,0.0007070305364322849
baseline,44,0.15625,0.0007291822439583484
baseline,45,0.13671875,0.000727051476133056
baseline,46,0.1953125,0.0007426484226016328
baseline,47,0.12109375,0.0007636387090315111
baseline,48,0.21484375,0.000794175110058859
baseline,49,0.13671875,0.0006981503320275806
baseline,50,0.078125,0.0008683617852511816
baseline,51,0.13671875,0.0007879738332121633
baseline,52,0.1640625,0.0011636535491561517
baseline,53,0.16796875,0.0008210805463022552
baseline,54,0.23828125,0.0007572952963528223
baseline,55,0.203125,0.0008539798072888516
baseline,56,0.21875,0.0008314463921124116
baseline,57,0.171875,0.000716102724254597
baseline,58,0.15625,0.0006895692531543318
baseline,59,0.2890625,0.0007708586344961077
baseline,60,0.2578125,0.0007543765750597231
baseline,61,0.2109375,0.0007534598335041665
baseline,62,0.21875,0.0008233324697357602
baseline,63,0.2265625,0.0007556833879789338
baseline,64,0.15234375,0.0007718363631283864
baseline,65,0.25,0.0007473580408259295
baseline,66,0.2265625,0.0008399095968343318
baseline,67,0.234375,0.0008205025224015117
baseline,68,0.26953125,0.0007350713349296711
baseline,69,0.15625,0.0006858133929199539
baseline,70,0.14453125,0.0007701356153120287
baseline,71,0.25390625,0.0007972750900080428
baseline,72,0.09765625,0.0007960887960507534
baseline,73,0.21875,0.0007165322022046894
baseline,74,0.22265625,0.0007964571632328443
baseline,75,0.20703125,0.0007732329904683866
baseline,76,0.18359375,0.0007392348488792777
baseline,77,0.17578125,0.0007741861481918022
baseline,78,0.203125,0.0007797004145686515
baseline,79,0.14453125,0.0007540142250945792
baseline,80,0.2421875,0.0007311807567020878
baseline,81,0.17578125,0.0007785004927427508
baseline,82,0.21484375,0.0007639911054866388
baseline,83,0.23828125,0.0008068641618592665
baseline,84,0.19921875,0.0007927648330223747
baseline,85,0.23828125,0.0009422317452845164
baseline,86,0.2421875,0.0007587059080833569
baseline,87,0.2734375,0.0007026839266472962
baseline,88,0.28515625,0.0008237265501520596
baseline,89,0.20703125,0.0008080498155322857
baseline,90,0.1875,0.0007213206627056934
baseline,91,0.1171875,0.0007119892834452912
baseline,92,0.18359375,0.0009055148984771222
baseline,93,0.25390625,0.000782966279075481
baseline,94,0.203125,0.0009213300072588027
baseline,95,0.296875,0.0008157775373547338
baseline,96,0.2109375,0.0007518259189964738
baseline,97,0.15625,0.0007854856958147138
baseline,98,0.16796875,0.0008321415734826587
baseline,99,0.26953125,0.0007743463647784665
baseline,100,0.2890625,0.0008099944097921252
baseline,101,0.26953125,0.0008511670384905301
baseline,102,0.23828125,0.0007029009429970756
baseline,103,0.24609375,0.0007875034643802792
baseline,104,0.22265625,0.0007243033396662213
baseline,105,0.27734375,0.0007890656925155781
baseline,106,0.14453125,0.0008706619919394143
baseline,107,0.2421875,0.0008513938373653218
baseline,108,0.1015625,0.0008231573228840716
baseline,109,0.3046875,0.0007488441406167112
baseline,110,0.359375,0.000800438330770703
baseline,111,0.20703125,0.0007031177883618511
baseline,112,0.24609375,0.000777357374317944
baseline,113,0.21484375,0.0007110152728273533
baseline,114,0.2421875,0.0006863634116598405
baseline,115,0.1875,0.0007656812376808375
baseline,116,0.25,0.0006951306568225846
baseline,117,0.265625,0.0007814959244569764
baseline,118,0.28125,0.0007364161465375219
baseline,119,0.140625,0.0007468784679076634
baseline,120,0.18359375,0.0007458873224095441
baseline,121,0.26953125,0.0006862888621981256
baseline,122,0.24609375,0.0007648543687537313
baseline,123,0.26953125,0.0006441467412514612
baseline,124,0.234375,0.0008506612939527258
baseline,125,0.28125,0.0007511809926654678
baseline,126,0.25,0.0007918079136288725
baseline,127,0.234375,0.0007266581815201789
baseline,128,0.24609375,0.0006917587525094859
baseline,129,0.16796875,0.0008086050729616545
baseline,130,0.21484375,0.0008416931596002541
baseline,131,0.1640625,0.0008893983249436133
baseline,132,0.19140625,0.000691073335474357
baseline,133,0.25,0.000667525571770966
baseline,134,0.125,0.0006881246954435483
baseline,135,0.31640625,0.0007659714101464488
baseline,136,0.1875,0.0007585218336316757
baseline,137,0.25390625,0.0006836723114247434
baseline,138,0.26171875,0.0007234107542899437
baseline,139,0.28125,0.0007860303958295844
baseline,140,0.2421875,0.0007756915074423887
baseline,141,0.16796875,0.0007988012803252786
baseline,142,0.17578125,0.00074935240263585
baseline,143,0.19140625,0.0007779728766763583
baseline,144,0.2578125,0.0007970192891662009
baseline,145,0.265625,0.000838132094941102
baseline,146,0.19921875,0.0006961973704164848
baseline,147,0.24609375,0.0008125639214995317
baseline,148,0.265625,0.0008051551340031438
baseline,149,0.234375,0.0007652195999980904
baseline,150,0.265625,0.000627118548436556
baseline,151,0.1640625,0.0007897901959950104
baseline,152,0.28125,0.0007062586009851657
baseline,153,0.1875,0.0008677427322254516
baseline,154,0.23046875,0.000892558105988428
baseline,155,0.21484375,0.0008027683579712175
baseline,156,0.296875,0.000809635930636432
baseline,157,0.22265625,0.0007747649506200105
baseline,158,0.12890625,0.0008287953387480229
baseline,159,0.33984375,0.000785141994128935
baseline,160,0.28515625,0.0008681985127623193
baseline,161,0.1484375,0.000803465380158741
baseline,162,0.20703125,0.0007532598719990347
baseline,163,0.1796875,0.0007066688012855593
baseline,164,0.25390625,0.0007269860798260197
baseline,165,0.21875,0.0007395478241960518
baseline,166,0.24609375,0.0008036176732275635
baseline,167,0.203125,0.000725467391021084
baseline,168,0.23046875,0.0008339855849044397
baseline,169,0.20703125,0.0008516403686371632
baseline,170,0.29296875,0.0007729927528998815
baseline,171,0.26171875,0.0008503908611601219
baseline,172,0.171875,0.0007534486503573135
baseline,173,0.13671875,0.0007644594879820943
baseline,174,0.2109375,0.0006998203389230184
baseline,175,0.37890625,0.0007292861482710578
baseline,176,0.25390625,0.0007626174774486572
baseline,177,0.2109375,0.0007018650430836715
baseline,178,0.1875,0.0007798988663125783
baseline,179,0.203125,0.0007087813937687315
baseline,180,0.27734375,0.0007274954587046523
baseline,181,0.17578125,0.0008082288259174675
baseline,182,0.27734375,0.0007669845363125205
baseline,183,0.26171875,0.0008461097386316396
baseline,184,0.18359375,0.0008328671829076484
baseline,185,0.22265625,0.000829679484013468
baseline,186,0.23828125,0.000780217393185012
baseline,187,0.25,0.0007381267059827223
baseline,188,0.22265625,0.0007436787491315044
baseline,189,0.28125,0.0007077649861457758
baseline,190,0.23046875,0.0007053904555505142
baseline,191,0.22265625,0.0008133767187246121
baseline,192,0.16015625,0.0007835375654394738
baseline,193,0.20703125,0.000717588554834947
baseline,194,0.23046875,0.0007596774230478331
baseline,195,0.2265625,0.0008066321242949925
baseline,196,0.234375,0.0007315564798773266
baseline,197,0.328125,0.0008275202853837982
baseline,198,0.20703125,0.0006775397851015441
baseline,199,0.28515625,0.0006575782172149047
baseline,200,0.22265625,0.0006881889057694934
baseline,201,0.29296875,0.0007541254526586272
baseline,202,0.11328125,0.0008658537044539116
baseline,203,0.20703125,0.0007293666203622706
baseline,204,0.26171875,0.0007558514407719485
baseline,205,0.19921875,0.0007323410318349488
baseline,206,0.32421875,0.0007850333931855857
baseline,207,0.30078125,0.0007371991232503206
baseline,208,0.22265625,0.0007769730509608053
baseline,209,0.2109375,0.0008273975472548045
baseline,210,0.26171875,0.0007995765045052394
baseline,211,0.2109375,0.0008365560424863361
baseline,212,0.2578125,0.0008270634789369069
baseline,213,0.2578125,0.000743117489037104
baseline,214,0.1953125,0.0007357248759944923
baseline,215,0.2734375,0.0007155773855629377
baseline,216,0.25,0.0006767094309907407
baseline,217,0.26171875,0.0007336269918596372
baseline,218,0.171875,0.0007684871379751712
baseline,219,0.1640625,0.0007627188570040744
baseline,220,0.33984375,0.0007178912128438242
baseline,221,0.28515625,0.0008326009847223759
baseline,222,0.29296875,0.0007182653062045574
baseline,223,0.2265625,0.0007963317693793215
baseline,224,0.20703125,0.0007290983194252476
baseline,225,0.1953125,0.0007341167365666479
baseline,226,0.18359375,0.0007900743003119715
baseline,227,0.2421875,0.0007568362925667316
baseline,228,0.2890625,0.000727368940715678
baseline,229,0.26171875,0.0007796830468578264
baseline,230,0.24609375,0.000832915298815351
baseline,231,0.2890625,0.0007217865022539627
baseline,232,0.1796875,0.0007581421596114524
baseline,233,0.2265625,0.0007890496344771236
baseline,234,0.23828125,0.0007623226629220881
baseline,235,0.29296875,0.0007776734200888313
baseline,236,0.17578125,0.000680683646351099
baseline,237,0.22265625,0.0007514478857046925
baseline,238,0.13671875,0.000802867733000312
baseline,239,0.23046875,0.0007969877988216467
baseline,240,0.21875,0.0007785541383782402
baseline,241,0.23046875,0.0007969985090312548
baseline,242,0.2265625,0.0007701224240008742
baseline,243,0.1953125,0.0006295890707406215
baseline,244,0.40234375,0.0006891970115248114
baseline,245,0.3203125,0.0007793620461598039
baseline,246,0.30078125,0.0008359518033103086
baseline,247,0.2734375,0.0007058499832055531
baseline,248,0.234375,0.0008137582917697728
baseline,249,0.30078125,0.000721133554179687
baseline,250,0.19140625,0.0007248696201713756
baseline,251,0.3046875,0.0007088152487995103
baseline,252,0.21875,0.0008085233421297744
baseline,253,0.328125,0.0007625423386343755
baseline,254,0.15234375,0.0007337988499784842
baseline,255,0.23828125,0.0007166698123910464
baseline,256,0.3203125,0.0006843567825853825
baseline,257,0.2109375,0.0006780871626688167
baseline,258,0.3984375,0.0006836720422143117
baseline,259,0.3515625,0.0006991258997004479
baseline,260,0.37109375,0.0007207636663224548
baseline,261,0.3515625,0.0006576785672223195
baseline,262,0.1640625,0.0007922853983473033
baseline,263,0.2734375,0.0006766961596440524
baseline,264,0.21484375,0.0007830658869352192
baseline,265,0.34765625,0.0007809124545019586
baseline,266,0.265625,0.0008025225761230104
baseline,267,0.328125,0.0007153288315748796
baseline,268,0.3046875,0.0007997190186870284
baseline,269,0.2421875,0.0007911114007583819
baseline,270,0.36328125,0.0007371686369879171
baseline,271,0.15625,0.0006710047964588739
baseline,272,0.21484375,0.0006963170671951957
baseline,273,0.31640625,0.0008075348741840571
baseline,274,0.2734375,0.000884561195562128
baseline,275,0.16796875,0.0007340190422837622
baseline,276,0.1875,0.0006900082371430472
baseline,277,0.21875,0.0007906005121185444
baseline,278,0.26953125,0.0006872796438983642
baseline,279,0.27734375,0.000768684931244934
baseline,280,0.23828125,0.0006884641916258261
baseline,281,0.234375,0.0007180516695370898
baseline,282,0.25,0.0007327364437514916
baseline,283,0.22265625,0.0006541528346133418
baseline,284,0.21875,0.00072714731504675
baseline,285,0.1875,0.0007013055219431408
baseline,286,0.25,0.0007232379502966069
baseline,287,0.2890625,0.0007210237745312043
baseline,288,0.25390625,0.0007331433916988317
baseline,289,0.2734375,0.0007149079901864752
baseline,290,0.29296875,0.0007256041062646545
baseline,291,0.30859375,0.0006687448549200781
baseline,292,0.15625,0.0006859841669211164
baseline,293,0.2109375,0.0006923287000972778
baseline,294,0.17578125,0.0009387806640006602
baseline,295,0.29296875,0.0007993019025889225
baseline,296,0.2578125,0.0006521073992189486
baseline,297,0.20703125,0.0007355598572758026
baseline,298,0.15625,0.0007511956864618696
baseline,299,0.1875,0.0006957734149182215
baseline,300,0.30859375,0.0007524218308390118
baseline,301,0.25390625,0.0007048467232380062
baseline,302,0.22265625,0.0008717715390957892
baseline,303,0.2734375,0.0007524922184529714
baseline,304,0.2109375,0.0008755502713029273
baseline,305,0.19140625,0.0007024419828667305
baseline,306,0.265625,0.0007412146223941818
baseline,307,0.375,0.0006932282412890345
baseline,308,0.234375,0.0006859960776637308
baseline,309,0.2734375,0.0007446795425494201
baseline,310,0.20703125,0.0006958023004699498
baseline,311,0.30859375,0.0007862534766900353
baseline,312,0.33203125,0.0007004285653238185
baseline,313,0.37890625,0.0007561898164567538
baseline,314,0.26171875,0.0007760865555610508
baseline,315,0.2734375,0.0007045726779324468
baseline,316,0.28515625,0.0007041737553663552
baseline,317,0.2109375,0.0007746833944111131
baseline,318,0.3203125,0.0007499002604163252
baseline,319,0.22265625,0.0008295588340843096
baseline,320,0.3046875,0.0007695772583247162
baseline,321,0.23046875,0.0007053813606034964
baseline,322,0.1640625,0.0006648371381743345
baseline,323,0.34765625,0.0007359314913628623
baseline,324,0.3203125,0.0008194825713871978
baseline,325,0.125,0.0007542542589362711
baseline,326,0.26953125,0.000794535328168422
baseline,327,0.25390625,0.0008580739231547341
baseline,328,0.2734375,0.0008025005881791003
baseline,329,0.3046875,0.0008132266520988196
baseline,330,0.21875,0.0007644194229214918
baseline,331,0.30078125,0.0007260268976096995
baseline,332,0.21875,0.0008191622837330215
baseline,333,0.22265625,0.00081498539657332
baseline,334,0.24609375,0.0007921723154140636
baseline,335,0.2890625,0.0007978331450431142
baseline,336,0.2578125,0.0007833898562239483
baseline,337,0.2734375,0.0006540309768752195
baseline,338,0.140625,0.0007252909417729825
baseline,339,0.25,0.0006769643878214993
baseline,340,0.31640625,0.0007331984452321194
baseline,341,0.27734375,0.0007612114350195043
baseline,342,0.359375,0.0007615814611199312
baseline,343,0.31640625,0.000739269373298157
baseline,344,0.33203125,0.000712662425939925
baseline,345,0.2265625,0.0008793628221610561
baseline,346,0.29296875,0.0006911297095939517
baseline,347,0.1953125,0.0007279363562702201
baseline,348,0.203125,0.0006777207745471969
baseline,349,0.203125,0.0007036482857074589
baseline,350,0.23046875,0.0007968375866767019
baseline,351,0.26953125,0.0006923988257767633
baseline,352,0.3359375,0.0007024401493254118
baseline,353,0.359375,0.0007990339800016955
baseline,354,0.1484375,0.0007200507679954171
baseline,355,0.29296875,0.0007956021290738136
baseline,356,0.203125,0.0006988817767705768
baseline,357,0.25390625,0.0007790419404045679
baseline,358,0.34765625,0.000743362026696559
baseline,359,0.3125,0.0007495063728129026
baseline,360,0.203125,0.0006708554210490547
baseline,361,0.26953125,0.0008404537729802541
baseline,362,0.36328125,0.0006902831337356474
baseline,363,0.26953125,0.0008381538937101141
baseline,364,0.2578125,0.0007490249554393813
baseline,365,0.27734375,0.0007660276387468912
baseline,366,0.3359375,0.0006899598738527857
baseline,367,0.2421875,0.0008456217510683928
baseline,368,0.34375,0.0007878916876506992
baseline,369,0.30859375,0.0007774913319735788
baseline,370,0.28125,0.0007280709396582097
baseline,371,0.296875,0.0006309372038231231
baseline,372,0.28515625,0.0007464880036422983
baseline,373,0.26953125,0.0006833199804532342
baseline,374,0.1953125,0.0007029211192275397
baseline,375,0.1796875,0.0007309089924092405
baseline,376,0.234375,0.0008208632862078957
baseline,377,0.23828125,0.0007895478556747548
baseline,378,0.27734375,0.0007341005039052106
baseline,379,0.32421875,0.00071237854717765
baseline,380,0.1640625,0.000697925228450913
baseline,381,0.24609375,0.0006902382810949348
baseline,382,0.3359375,0.0007700272071815562
baseline,383,0.2734375,0.0006729329688823782
baseline,384,0.3203125,0.0007010531371633988
baseline,385,0.30078125,0.0007311739900615066
baseline,386,0.19921875,0.0007127110002329573
baseline,387,0.30078125,0.0007462204521289095
baseline,388,0.1875,0.0006613340738113038
baseline,389,0.23828125,0.0007637974849785678
baseline,390,0.1953125,0.0007848757522879168
baseline,391,0.12109375,0.000776139298977796
baseline,392,0.28125,0.0008141482976498082
baseline,393,0.2890625,0.0006787580496165901
baseline,394,0.30078125,0.0007076896945363842
baseline,395,0.296875,0.0006721332101733424
baseline,396,0.2578125,0.0007728662822046317
baseline,397,0.35546875,0.0007864550498197787
baseline,398,0.3984375,0.0007512383308494464
baseline,399,0.22265625,0.0008025416900636628
baseline,400,0.26953125,0.0007183855123003013
baseline,401,0.21484375,0.0006641557156399358
baseline,402,0.27734375,0.0007253728326759301
baseline,403,0.25390625,0.000773884319642093
baseline,404,0.296875,0.0006609614829358179
baseline,405,0.39453125,0.0007748652860755101
baseline,406,0.39453125,0.000732113556296099
baseline,407,0.33203125,0.0007722789305262268
baseline,408,0.21484375,0.0006848081102361903
baseline,409,0.32421875,0.0007493400553357787
baseline,410,0.30078125,0.000773290594224818
baseline,411,0.2421875,0.0008236112480517477
baseline,412,0.34765625,0.0007135227497201413
baseline,413,0.26171875,0.0007898135954746976
baseline,414,0.2109375,0.0007277473778231069
baseline,415,0.31640625,0.0006748987798346207
baseline,416,0.1796875,0.0007185189533629455
baseline,417,0.19140625,0.0006899477302795276
baseline,418,0.25,0.0006607392351725139
baseline,419,0.25390625,0.0007236967358039692
baseline,420,0.41796875,0.0006652840456808917
baseline,421,0.42578125,0.0006802700299886055
baseline,422,0.375,0.0007536938792327419
baseline,423,0.3203125,0.0006796796697017271
baseline,424,0.41015625,0.0006583799768122844
baseline,425,0.25390625,0.0007476717728422955
baseline,426,0.33203125,0.0006286353527684696
baseline,427,0.359375,0.0006429228524211794
baseline,428,0.21875,0.000744404605939053
baseline,429,0.203125,0.0006597301544388756
baseline,430,0.2578125,0.0006577850290341303
baseline,431,0.30859375,0.000678044594678795
baseline,432,0.28125,0.000688190761138685
baseline,433,0.31640625,0.0007765218106214888
baseline,434,0.1953125,0.0007070431820466183
baseline,435,0.33203125,0.0007665262673981488
baseline,436,0.25390625,0.000844321220938582
baseline,437,0.203125,0.0008281636255560443
baseline,438,0.21875,0.0007742191010038368
baseline,439,0.1875,0.0007492645745514892
baseline,440,0.30859375,0.0006677526434941683
baseline,441,0.375,0.0006894718208059203
baseline,442,0.3125,0.0006378461912390776
baseline,443,0.375,0.0007783548571751453
baseline,444,0.21484375,0.000800096539023798
baseline,445,0.26953125,0.0007121972375898622
baseline,446,0.22265625,0.0007575258641736582
baseline,447,0.2265625,0.0007795503333909437
baseline,448,0.2578125,0.0007397510053124279
baseline,449,0.234375,0.0006907281640451401
baseline,450,0.265625,0.0006833532970631495
baseline,451,0.33984375,0.0007615951690240763
baseline,452,0.24609375,0.0007212080054159742
baseline,453,0.37890625,0.0007235600642161444
baseline,454,0.28125,0.0007761300730635412
baseline,455,0.19921875,0.0006809414917370304
baseline,456,0.3203125,0.0008988003464764915
baseline,457,0.2578125,0.0007266349857673049
baseline,458,0.21875,0.0007647230013390072
baseline,459,0.3046875,0.0007471188364434056
baseline,460,0.34765625,0.0006654537137364969
baseline,461,0.23828125,0.0007724040406174026
baseline,462,0.23828125,0.000688198211719282
baseline,463,0.359375,0.0007345642225118354
baseline,464,0.30078125,0.0006902800159878097
baseline,465,0.234375,0.0007562398750451393
baseline,466,0.25390625,0.0007034864611341618
baseline,467,0.296875,0.0006885842376505025
baseline,468,0.3828125,0.0006759210955351591
baseline,469,0.26171875,0.0007137913125916384
baseline,470,0.19921875,0.0007084917779138777
baseline,471,0.28515625,0.0006673181269434281
baseline,472,0.31640625,0.0007159169763326645
baseline,473,0.2578125,0.0007801526080584154
baseline,474,0.2265625,0.0007671018247492611
baseline,475,0.27734375,0.0006577553394890856
baseline,476,0.32421875,0.0007715007559454534
baseline,477,0.2265625,0.0007732958983979188
baseline,478,0.3203125,0.0007192057091742754
baseline,479,0.296875,0.000726804144505877
baseline,480,0.265625,0.0007214711949927732
baseline,481,0.2578125,0.0007444747170666233
baseline,482,0.23046875,0.0006942326872376725
baseline,483,0.23046875,0.0006392545728886034
baseline,484,0.28515625,0.000692223991791252
baseline,485,0.34375,0.000729134859284386
baseline,486,0.21875,0.0007343624274653848
baseline,487,0.28125,0.0007558658253401518
baseline,488,0.265625,0.0006328794261207804
baseline,489,0.1953125,0.0007569100198452361
baseline,490,0.18359375,0.0006815428423578851
baseline,491,0.25390625,0.0007635181318619289
baseline,492,0.2578125,0.0007447413008776493
baseline,493,0.2890625,0.0006727715008310042
baseline,494,0.2421875,0.0006705889609293081
baseline,495,0.328125,0.0006822305804234929
baseline,496,0.44921875,0.000649182780762203
baseline,497,0.3203125,0.0007413139501295518
baseline,498,0.29296875,0.0007778104481985793
baseline,499,0.19140625,0.0006695323245367035
baseline,500,0.18359375,0.0007137574102671351
baseline,501,0.30078125,0.0008099590268102475
baseline,502,0.1875,0.0007213134449557401
baseline,503,0.23828125,0.0008301442430820316
baseline,504,0.328125,0.0006600194392376579
baseline,505,0.40234375,0.0006831176287960261
baseline,506,0.2890625,0.0006404933228623122
baseline,507,0.375,0.0007759510408504866
baseline,508,0.296875,0.0007460686174454167
baseline,509,0.296875,0.0007393372361548245
baseline,510,0.328125,0.000582662320084637
baseline,511,0.296875,0.0007206498776213266
baseline,512,0.26171875,0.0006973907657084055
baseline,513,0.234375,0.0007545089683844708
baseline,514,0.23046875,0.0007290095745702274
baseline,515,0.328125,0.0007159380329539999
baseline,516,0.2578125,0.0007322101082536392
baseline,517,0.26171875,0.0006538522284245118
baseline,518,0.296875,0.0006837737382738851
baseline,519,0.1875,0.0007724381575826555
baseline,520,0.21484375,0.0006734514427080285
baseline,521,0.28515625,0.0006799053007853217
baseline,522,0.12109375,0.0008028944575926289
baseline,523,0.37890625,0.0006555962390848435
baseline,524,0.41796875,0.0006884846698085312
baseline,525,0.28125,0.0007064697274472564
baseline,526,0.203125,0.0007731978839728981
baseline,527,0.25,0.0007272324291989207
baseline,528,0.3125,0.0008946057860157453
baseline,529,0.390625,0.0007000414734648075
baseline,530,0.30859375,0.0006367004643834662
baseline,531,0.24609375,0.0007036357710603625
baseline,532,0.171875,0.0006453217283706181
baseline,533,0.34375,0.0007776501515763812
baseline,534,0.21484375,0.0007603404883411713
baseline,535,0.26171875,0.0006849908240837976
baseline,536,0.25,0.0007458198815584183
baseline,537,0.25,0.0006689070578431711
baseline,538,0.21875,0.0007177356565080117
baseline,539,0.31640625,0.0006221501971594989
baseline,540,0.171875,0.0007627156446687877
baseline,541,0.3046875,0.0008422428509220481
baseline,542,0.19921875,0.0007438433603965677
baseline,543,0.32421875,0.0007000351761234924
baseline,544,0.265625,0.0007342577337112743
max_only,1,0.0703125,0.00202246182016097
max_only,2,0.08203125,0.002651189060998149
max_only,3,0.0546875,0.00239134747243952
max_only,4,0.0390625,0.001542656813398935
max_only,5,0.04296875,0.002470554842147976
max_only,6,0.08203125,0.0013039982150075957
max_only,7,0.0625,0.0022757490951335058
max_only,8,0.09765625,0.0014320718692033552
max_only,9,0.04296875,0.0019488381658447906
max_only,10,0.078125,0.001397430183715187
max_only,11,0.09375,0.0015883771047811024
max_only,12,0.04296875,0.0013307435438036919
max_only,13,0.109375,0.0014196057600202039
max_only,14,0.05859375,0.0018848929612431675
max_only,15,0.0390625,0.002186228462960571
max_only,16,0.12109375,0.0020621603907784447
max_only,17,0.078125,0.001496987446444109
max_only,18,0.06640625,0.000961837315117009
max_only,19,0.09765625,0.002033187323831953
max_only,20,0.109375,0.0012823642027797177
max_only,21,0.0625,0.0015955765411490574
max_only,22,0.13671875,0.0011923895581276156
max_only,23,0.1015625,0.001390157027344685
max_only,24,0.140625,0.0011755413725040853
max_only,25,0.13671875,0.0011306968081044033
max_only,26,0.16015625,0.000923418665479403
max_only,27,0.1328125,0.0007779568477417342
max_only,28,0.12890625,0.0010264497541356832
max_only,29,0.1796875,0.0009214976089424454
max_only,30,0.19140625,0.001257983356481418
max_only,31,0.171875,0.000823583293822594
max_only,32,0.1015625,0.0008117465986288153
max_only,33,0.12890625,0.0007225451663543936
max_only,34,0.08203125,0.0007714942039456218
max_only,35,0.125,0.0007693111256230623
max_only,36,0.12890625,0.0007577474534627981
max_only,37,0.26953125,0.000740493880584836
max_only,38,0.1015625,0.0007140709640225396
max_only,39,0.2734375,0.0007780109299346805
max_only,40,0.16796875,0.0007740295841358602
max_only,41,0.2421875,0.0007152330945245922
max_only,42,0.1484375,0.000781346156145446
max_only,43,0.24609375,0.0007562407845398411
max_only,44,0.16015625,0.000697600407875143
max_only,45,0.27734375,0.0008495837464579381
max_only,46,0.171875,0.000767395060393028
max_only,47,0.21484375,0.0006996675292612053
max_only,48,0.15234375,0.0007978284920682199
max_only,49,0.140625,0.0008764437952777371
max_only,50,0.26953125,0.0007372234904323705
max_only,51,0.0625,0.000783567942562513
max_only,52,0.17578125,0.0007733327220194042
max_only,53,0.20703125,0.0007332530803978443
max_only,54,0.234375,0.0007570419038529508
max_only,55,0.2578125,0.0006014896971464623
max_only,56,0.234375,0.0007202541019069031
max_only,57,0.125,0.0006771400512661785
max_only,58,0.15625,0.0007584454942843877
max_only,59,0.16015625,0.0006594826991204172
max_only,60,0.171875,0.0007384468917734921
max_only,61,0.1875,0.0007003605714999139
max_only,62,0.234375,0.0008281213158625178
max_only,63,0.23046875,0.0007471832650480792
max_only,64,0.1796875,0.000687930871208664
max_only,65,0.2109375,0.0007809812741470523
max_only,66,0.17578125,0.0007480953863705508
max_only,67,0.27734375,0.0006703519902657717
max_only,68,0.24609375,0.0007668760299566202
max_only,69,0.16796875,0.0007123905816115439
max_only,70,0.20703125,0.0007302099184016697
max_only,71,0.0859375,0.0007941459480207413
max_only,72,0.17578125,0.0007693617153563537
max_only,73,0.18359375,0.0007253055082401261
max_only,74,0.2109375,0.0007567534921690822
max_only,75,0.23828125,0.000687069223204162
max_only,76,0.2265625,0.0007987296121427789
max_only,77,0.2421875,0.00075076128996443
max_only,78,0.1875,0.0007423906936310232
max_only,79,0.23046875,0.000683314552588854
max_only,80,0.16015625,0.0007138545988709666
max_only,81,0.1484375,0.0008249998863902874
max_only,82,0.28515625,0.0007528850183007307
max_only,83,0.25,0.0006923400578671135
max_only,84,0.2578125,0.0007035930102574639
max_only,85,0.1953125,0.0007724950846750289
max_only,86,0.16015625,0.0006794235305278562
max_only,87,0.2421875,0.0007598597658216022
max_only,88,0.19140625,0.0007670193444937468
max_only,89,0.1953125,0.0007662854986847378
max_only,90,0.18359375,0.0007967045530676842
max_only,91,0.13671875,0.0007273783485288732
max_only,92,0.25,0.0008028638985706493
max_only,93,0.1796875,0.0006798126414651051
max_only,94,0.20703125,0.0007351970270974562
max_only,95,0.14453125,0.0007458484978997149
max_only,96,0.14453125,0.0007558274155599065
max_only,97,0.15234375,0.0008295629741041921
max_only,98,0.28125,0.000818309883470647
max_only,99,0.22265625,0.0007600832541356795
max_only,100,0.1875,0.0007717149201198481
max_only,101,0.25,0.0008012705584405921
max_only,102,0.1953125,0.0007080642608343624
max_only,103,0.2109375,0.0008738301403354853
max_only,104,0.1328125,0.0007563487088191323
max_only,105,0.2734375,0.0007538434292655438
max_only,106,0.18359375,0.0008462715923087671
max_only,107,0.21875,0.0007773730103508569
max_only,108,0.2890625,0.0007796503850840963
max_only,109,0.23828125,0.0006679337238892913
max_only,110,0.24609375,0.0008210883534047753
max_only,111,0.18359375,0.0007495956670027226
max_only,112,0.23828125,0.0007185699905676302
max_only,113,0.15234375,0.0007597793301101774
max_only,114,0.19140625,0.0007021454948699102
max_only,115,0.21875,0.0007269521738635376
max_only,116,0.27734375,0.0008735348746995442
max_only,117,0.2109375,0.0008245792632806115
max_only,118,0.265625,0.0007669848782825284
max_only,119,0.203125,0.0009057726565515622
max_only,120,0.24609375,0.0007721302754362114
max_only,121,0.1953125,0.0006974463176447898
max_only,122,0.28125,0.0008721416743355803
max_only,123,0.1796875,0.0007745648472337052
max_only,124,0.2890625,0.0007597061485284939
max_only,125,0.08203125,0.0007098746646079235
max_only,126,0.26171875,0.0007674606604268774
max_only,127,0.22265625,0.0006808682774135377
max_only,128,0.21484375,0.0008158699274645187
max_only,129,0.3125,0.0007798369624651968
max_only,130,0.33203125,0.000839514919789508
max_only,131,0.26171875,0.0007237392419483513
max_only,132,0.21484375,0.0008539228801964782
max_only,133,0.2734375,0.0006975002106628381
max_only,134,0.32421875,0.0007415286672767252
max_only,135,0.234375,0.000803748844191432
max_only,136,0.23828125,0.0007432493512169458
max_only,137,0.234375,0.0009067525679711252
max_only,138,0.23046875,0.0008164541941368952
max_only,139,0.1875,0.000786279866588302
max_only,140,0.17578125,0.0008153861490427516
max_only,141,0.2265625,0.0007534670148743317
max_only,142,0.2265625,0.0007517589765484445
max_only,143,0.28515625,0.0007403988638543524
max_only,144,0.28125,0.0007507133159379009
max_only,145,0.234375,0.0008058342937147245
max_only,146,0.2109375,0.0007613398629473522
max_only,147,0.31640625,0.0007005224069871474
max_only,148,0.140625,0.0007723098751739599
max_only,149,0.30859375,0.0007944851386127993
max_only,150,0.2890625,0.0008092304924502969
max_only,151,0.24609375,0.0008523477808921598
max_only,152,0.19921875,0.0007615106223965995
max_only,153,0.18359375,0.0008391907504119445
max_only,154,0.296875,0.0006856748150312342
max_only,155,0.24609375,0.0008090017508948222
max_only,156,0.20703125,0.0006909714538778644
max_only,157,0.2265625,0.000723166078387294
max_only,158,0.234375,0.0006624875604757108
max_only,159,0.265625,0.0007339340154430829
max_only,160,0.17578125,0.0007598823285661638
max_only,161,0.30078125,0.0008268347082776017
max_only,162,0.28125,0.0007659726543352008
max_only,163,0.19140625,0.0008065164220170118
max_only,164,0.234375,0.0007138177534216084
max_only,165,0.21875,0.0008551133942091838
max_only,166,0.2890625,0.0007294028000615072
max_only,167,0.21875,0.0008473142661387101
max_only,168,0.14453125,0.0009161983907688409
max_only,169,0.1796875,0.0007552306851721369
max_only,170,0.2734375,0.000754808854253497
max_only,171,0.23828125,0.0007896966199041344
max_only,172,0.32421875,0.0008050749747781083
max_only,173,0.26171875,0.0007535085242125206
max_only,174,0.31640625,0.0008170487053575926
max_only,175,0.2109375,0.0006801755807828158
max_only,176,0.234375,0.0007625821672263555
max_only,177,0.26953125,0.0007526026747655123
max_only,178,0.23828125,0.0007728135606157593
max_only,179,0.19921875,0.0007885170780355111
max_only,180,0.1953125,0.0007914639863884076
max_only,181,0.2578125,0.0008298637039843015
max_only,182,0.2421875,0.0007277234471985139
max_only,183,0.2734375,0.0007772763310640585
max_only,184,0.30859375,0.0008532298234058544
max_only,185,0.20703125,0.0007339006115216762
max_only,186,0.28125,0.0008119239428197034
max_only,187,0.2265625,0.0007311638037208468
max_only,188,0.1875,0.0007453871439793147
max_only,189,0.30078125,0.0009278602083213627
max_only,190,0.22265625,0.0007950638319016434
max_only,191,0.25,0.0007118611683836207
max_only,192,0.28515625,0.0008181556186173111
max_only,193,0.21875,0.0008073768149188254
max_only,194,0.27734375,0.0007327536222874187
max_only,195,0.21484375,0.0007414711762976367
max_only,196,0.31640625,0.0008106530658551492
max_only,197,0.265625,0.0007619611424161121
max_only,198,0.21484375,0.0007253086951095611
max_only,199,0.25390625,0.0008584847237216309
max_only,200,0.203125,0.0008693156996741891
max_only,201,0.33203125,0.000783554460213054
max_only,202,0.3671875,0.0008495009606122039
max_only,203,0.21484375,0.0007181239561759867
max_only,204,0.27734375,0.0007466669630957767
max_only,205,0.29296875,0.0007348271537921391
max_only,206,0.34375,0.0007747696727165021
max_only,207,0.23828125,0.0008145914616761729
max_only,208,0.27734375,0.0008021500980248675
max_only,209,0.29296875,0.0007509162605856545
max_only,210,0.28515625,0.0008470843022223562
max_only,211,0.21875,0.0008071615229710005
max_only,212,0.359375,0.0008104063308564946
max_only,213,0.19921875,0.0007998680812306702
max_only,214,0.1484375,0.0007585560306324624
max_only,215,0.265625,0.0007543018073192798
max_only,216,0.19140625,0.000762835523346439
max_only,217,0.1640625,0.000803890245151706
max_only,218,0.265625,0.000719473922799807
max_only,219,0.3515625,0.0007819537822797429
max_only,220,0.265625,0.000790524463809561
max_only,221,0.16015625,0.0007742401576251723
max_only,222,0.1953125,0.0007940472569316626
max_only,223,0.14453125,0.0008586125040892512
max_only,224,0.23046875,0.0008046090079005808
max_only,225,0.234375,0.0006686550914309919
max_only,226,0.20703125,0.0006964651838643476
max_only,227,0.15625,0.0006720891469740309
max_only,228,0.1640625,0.0006573379505425692
max_only,229,0.2265625,0.0007443725262419321
max_only,230,0.31640625,0.0007908869883976877
max_only,231,0.25390625,0.000710543794411933
max_only,232,0.26171875,0.0007577891301480122
max_only,233,0.16796875,0.0007574387200293131
max_only,234,0.29296875,0.0007625166181242093
max_only,235,0.28125,0.0006820957278250717
max_only,236,0.1796875,0.0008828734135022387
max_only,237,0.18359375,0.0007211998963612132
max_only,238,0.1875,0.0007085531033226289
max_only,239,0.23046875,0.0007683931034989655
max_only,240,0.3203125,0.0007806703870301135
max_only,241,0.1875,0.0007669630576856434
max_only,242,0.3359375,0.0007529077047365718
max_only,243,0.23046875,0.0006983673883951269
max_only,244,0.24609375,0.0007082744923536666
max_only,245,0.2890625,0.0008143306913552806
max_only,246,0.22265625,0.0007683842050028034
max_only,247,0.18359375,0.0007601916659041308
max_only,248,0.140625,0.0007527200723416172
max_only,249,0.25390625,0.0006225511824595742
max_only,250,0.2265625,0.0007845333093428053
max_only,251,0.28125,0.0007183546986198053
max_only,252,0.2734375,0.0007710635109106079
max_only,253,0.24609375,0.0008409038346144371
max_only,254,0.33203125,0.0008867459837347269
max_only,255,0.3515625,0.0007546282140538096
max_only,256,0.1875,0.0007402058545267209
max_only,257,0.23828125,0.0007303259699256159
max_only,258,0.140625,0.0007459810585714877
max_only,259,0.2890625,0.0007663215219508857
max_only,260,0.2890625,0.0007393207997665741
max_only,261,0.2421875,0.0007616316943312995
max_only,262,0.3125,0.0007706256074015982
max_only,263,0.41015625,0.0006944728083908558
max_only,264,0.23046875,0.0006689806577924173
max_only,265,0.25390625,0.0007886586390668526
max_only,266,0.21875,0.0007864867802709341
max_only,267,0.1953125,0.0006613806763198227
max_only,268,0.25,0.0006841579888714477
max_only,269,0.28125,0.0007554823387181386
max_only,270,0.2734375,0.0007199631036201026
max_only,271,0.1953125,0.0007739931861578953
max_only,272,0.27734375,0.0006910146403242834
max_only,273,0.21484375,0.0007366085555986501
max_only,274,0.25390625,0.0006495580746559426
max_only,275,0.36328125,0.000759719630877953
max_only,276,0.21875,0.000685241975588724
max_only,277,0.23046875,0.0006826277094660327
max_only,278,0.25390625,0.0007317912750295363
max_only,279,0.25390625,0.0008280860783997923
max_only,280,0.21875,0.0007282636288437061
max_only,281,0.296875,0.0007897885516285896
max_only,282,0.2734375,0.0006595655577257276
max_only,283,0.23046875,0.000780289206886664
max_only,284,0.36328125,0.0006868600830784999
max_only,285,0.2265625,0.0007516300829593092
max_only,286,0.41015625,0.000790038233390078
max_only,287,0.328125,0.000859536805364769
max_only,288,0.2265625,0.0006860930297989398
max_only,289,0.27734375,0.0007887817155278753
max_only,290,0.2421875,0.0007167897274484858
max_only,291,0.21484375,0.000912360155780334
max_only,292,0.32421875,0.0007452455829479732
max_only,293,0.265625,0.00073963389149867
max_only,294,0.25390625,0.0007513829477829859
max_only,295,0.234375,0.000814198654552456
max_only,296,0.23828125,0.0007219611579785123
max_only,297,0.30859375,0.000767709054343868
max_only,298,0.20703125,0.0008835906264721416
max_only,299,0.2890625,0.0008225467245210893
max_only,300,0.31640625,0.0007734877508482896
max_only,301,0.23828125,0.0007549643632955849
max_only,302,0.29296875,0.0007834336865926161
max_only,303,0.23046875,0.0007700524292886257
max_only,304,0.26953125,0.0008044882415561005
max_only,305,0.24609375,0.0009328419982921332
max_only,306,0.2734375,0.0008507982711307704
max_only,307,0.30859375,0.0008244461714639328
max_only,308,0.2265625,0.000902346961083822
max_only,309,0.33203125,0.0009021347141242586
max_only,310,0.234375,0.0008439525554422289
max_only,311,0.27734375,0.000838526691950392
max_only,312,0.2734375,0.0007101672672433779
max_only,313,0.4296875,0.0007518412385252304
max_only,314,0.23828125,0.0008352097356691957
max_only,315,0.3125,0.0008011960089788772
max_only,316,0.2734375,0.0009158169705187902
max_only,317,0.26953125,0.000765314071031753
max_only,318,0.36328125,0.000803643255494535
max_only,319,0.328125,0.0007570312518510036
max_only,320,0.23828125,0.0007870073750382289
max_only,321,0.23828125,0.0008599913271609694
max_only,322,0.3203125,0.0007639557079528458
max_only,323,0.1640625,0.0007097926791175269
max_only,324,0.2109375,0.0008413088944507763
max_only,325,0.19921875,0.000781158116296865
max_only,326,0.21875,0.0007144731644075364
max_only,327,0.31640625,0.000801238689746242
max_only,328,0.2421875,0.0007219538747449405
max_only,329,0.265625,0.0006230823637451977
max_only,330,0.32421875,0.0007663336837140378
max_only,331,0.3515625,0.0006886537667014636
max_only,332,0.39453125,0.000830177465104498
max_only,333,0.203125,0.0008156311814673245
max_only,334,0.26171875,0.0007654285436728969
max_only,335,0.34375,0.0007592486508656293
max_only,336,0.23046875,0.0007309923021239229
max_only,337,0.2734375,0.0008152179943863302
max_only,338,0.3828125,0.0007501903382944874
max_only,339,0.25,0.000745637429645285
max_only,340,0.30859375,0.0008292700804304332
max_only,341,0.2890625,0.0007488441842724569
max_only,342,0.3671875,0.0008621988672530279
max_only,343,0.2421875,0.0007639555042260326
max_only,344,0.28125,0.0006724326231051236
max_only,345,0.24609375,0.0007982294919202104
max_only,346,0.32421875,0.0007883907310315408
max_only,347,0.26953125,0.0008200530719477683
max_only,348,0.3203125,0.0008015114508452825
max_only,349,0.28125,0.0006954911659704521
max_only,350,0.359375,0.0007157357285905164
max_only,351,0.32421875,0.0006668452479061671
max_only,352,0.30859375,0.0007506456749979407
max_only,353,0.25,0.0007237402169266716
max_only,354,0.21875,0.0008266839649877511
max_only,355,0.30859375,0.0007538119534729049
max_only,356,0.3515625,0.0007041399112495128
max_only,357,0.29296875,0.0006866003459435888
max_only,358,0.3359375,0.0006998910248512402
max_only,359,0.26171875,0.0007775191043037921
max_only,360,0.22265625,0.0007031147615634836
max_only,361,0.26171875,0.0006616101563849952
max_only,362,0.1171875,0.0007103770549292676
max_only,363,0.28125,0.000807512151368428
max_only,364,0.19140625,0.0007244216903927736
max_only,365,0.24609375,0.0008515769950463437
max_only,366,0.33984375,0.0007044497433525976
max_only,367,0.23828125,0.0007570655507151969
max_only,368,0.16796875,0.0007449168260791339
max_only,369,0.265625,0.0008051153345149942
max_only,370,0.19921875,0.0007535996264778078
max_only,371,0.3046875,0.0007379035414487589
max_only,372,0.234375,0.0007051694774418138
max_only,373,0.2421875,0.0007760111984680407
max_only,374,0.2734375,0.0007601979887112975
max_only,375,0.31640625,0.0007815686767571606
max_only,376,0.21875,0.0006174442132760305
max_only,377,0.17578125,0.000745390250813216
max_only,378,0.296875,0.0008140318386722356
max_only,379,0.29296875,0.0006959284837648738
max_only,380,0.3046875,0.0007789508090354502
max_only,381,0.28515625,0.000790005928138271
max_only,382,0.23828125,0.0007349122970481403
max_only,383,0.1875,0.0008425142295891419
max_only,384,0.35546875,0.000713797657226678
max_only,385,0.28515625,0.0007082612282829359
max_only,386,0.26953125,0.0007249263398989569
max_only,387,0.24609375,0.0006472234381362796
max_only,388,0.375,0.0007001899539318401
max_only,389,0.19921875,0.0007295439354493283
max_only,390,0.265625,0.0007707927579758689
max_only,391,0.203125,0.0007232381976791658
max_only,392,0.2890625,0.0007186104339780286
max_only,393,0.2734375,0.0006738950542057864
max_only,394,0.2734375,0.0007345152116613463
max_only,395,0.28515625,0.0007066297621349804
max_only,396,0.28125,0.0007336524213314988
max_only,397,0.28515625,0.0006595225750061218
max_only,398,0.2421875,0.0007630831969436258
max_only,399,0.24609375,0.0007319118958548643
max_only,400,0.29296875,0.0006661909756076057
max_only,401,0.21484375,0.0007661751806153916
max_only,402,0.2890625,0.000670886438456364
max_only,403,0.38671875,0.0007279751735040918
max_only,404,0.25,0.0007078713460941799
max_only,405,0.28515625,0.0006602487883355934
max_only,406,0.30078125,0.0007538900972576812
max_only,407,0.33203125,0.0007172528057708405
max_only,408,0.37109375,0.0009000336794997565
max_only,409,0.33984375,0.0007188342424342409
max_only,410,0.28125,0.0008514806613675319
max_only,411,0.35546875,0.0008223203476518393
max_only,412,0.19140625,0.0007118101202649996
max_only,413,0.3203125,0.0006782081472920254
max_only,414,0.359375,0.0006556008083862253
max_only,415,0.25,0.0006132273047114722
max_only,416,0.3203125,0.0007298969721887261
max_only,417,0.24609375,0.0007482145301764831
max_only,418,0.26171875,0.0007641362317372113
max_only,419,0.33203125,0.0007148769072955474
max_only,420,0.24609375,0.0007844326028134674
max_only,421,0.21875,0.0007836041622795165
max_only,422,0.30859375,0.0007112224702723324
max_only,423,0.22265625,0.0007118273642845452
max_only,424,0.2734375,0.0008032472978811711
max_only,425,0.2890625,0.0007510069153795484
max_only,426,0.28515625,0.0006802235875511542
max_only,427,0.27734375,0.0006906623966642655
max_only,428,0.26171875,0.0008722911879885942
max_only,429,0.25390625,0.0007070388164720498
max_only,430,0.10546875,0.0006482841272372752
max_only,431,0.22265625,0.0008335136953974143
max_only,432,0.21875,0.0007910177737358026
max_only,433,0.26953125,0.0007772289827698842
max_only,434,0.2265625,0.0006688014109386131
max_only,435,0.32421875,0.0008331082572112791
max_only,436,0.37109375,0.0006925733250682242
max_only,437,0.3125,0.0007987052522366866
max_only,438,0.37890625,0.0007191945551312529
max_only,439,0.20703125,0.0007344225014094263
max_only,440,0.24609375,0.0007589014421682805
max_only,441,0.3125,0.0007265231361088809
max_only,442,0.42578125,0.0008069812320172787
max_only,443,0.2890625,0.0008081376872723922
max_only,444,0.26171875,0.0008839148285915144
max_only,445,0.2734375,0.0007190769174485467
max_only,446,0.28515625,0.000776724933530204
max_only,447,0.25390625,0.0007382988551398739
max_only,448,0.375,0.0008710001566214487
max_only,449,0.25,0.0009301118334406056
max_only,450,0.2421875,0.0008294574363389984
max_only,451,0.24609375,0.000865196983795613
max_only,452,0.296875,0.0007807242291164584
max_only,453,0.2109375,0.0008473799171042629
max_only,454,0.265625,0.0008080199695541523
max_only,455,0.23046875,0.000767424724472221
max_only,456,0.34765625,0.0008020396198844537
max_only,457,0.22265625,0.000727622136764694
max_only,458,0.26171875,0.0008490249529131688
max_only,459,0.28515625,0.0006866535622975789
max_only,460,0.26953125,0.0007263666848302819
max_only,461,0.375,0.0007892286375863478
max_only,462,0.27734375,0.0007694440282648429
max_only,463,0.28125,0.000767499215726275
max_only,464,0.28125,0.0008610075892647728
max_only,465,0.24609375,0.0008119369886117056
max_only,466,0.21875,0.0007739445572951809
max_only,467,0.15625,0.0008539653426851146
max_only,468,0.39453125,0.0006909637450007722
max_only,469,0.29296875,0.0008209405350498855
max_only,470,0.25,0.0007737339474260807
max_only,471,0.29296875,0.0008062667038757354
max_only,472,0.33203125,0.0007214658326120116
max_only,473,0.2421875,0.0008388118440052494
max_only,474,0.30078125,0.000783761526690796
max_only,475,0.2734375,0.0007892753928899765
max_only,476,0.21484375,0.000755006360122934
max_only,477,0.328125,0.0006820235357736237
max_only,478,0.39453125,0.0008253850210167002
max_only,479,0.18359375,0.0008181601369869895
max_only,480,0.2734375,0.0008563396986573935
max_only,481,0.1875,0.0007326457416638732
max_only,482,0.234375,0.0006770422114641406
max_only,483,0.2265625,0.0008729149485589005
max_only,484,0.23828125,0.000809870965895243
max_only,485,0.34375,0.0007648926111869514
max_only,486,0.2265625,0.0006955585558898747
max_only,487,0.26953125,0.0007931152795208618
max_only,488,0.2578125,0.0007585161729366519
max_only,489,0.328125,0.0006969348178245127
max_only,490,0.3984375,0.0008417947465204634
max_only,491,0.2734375,0.0007902202778495848
max_only,492,0.31640625,0.0008444534250884317
max_only,493,0.33203125,0.0007229595867102034
max_only,494,0.26171875,0.0009050484077306464
max_only,495,0.26171875,0.0008062492051976733
max_only,496,0.3125,0.0008520768751623109
max_only,497,0.3046875,0.0008217625945690088
max_only,498,0.265625,0.0006942613035789691
max_only,499,0.375,0.0007861077938287053
max_only,500,0.25390625,0.0008061103289946914
max_only,501,0.328125,0.0007475529855582863
max_only,502,0.3203125,0.0008103975706035271
max_only,503,0.25390625,0.0007424710565828718
max_only,504,0.22265625,0.0007615278082084842
max_only,505,0.21484375,0.000794619343650993
max_only,506,0.328125,0.0008448158041574061
max_only,507,0.2421875,0.0007179032036219724
max_only,508,0.328125,0.0007025925951893441
max_only,509,0.20703125,0.0007475191305275075
max_only,510,0.3125,0.0007682017749175429
max_only,511,0.3984375,0.000666560728859622
max_only,512,0.22265625,0.0007071866129990667
max_only,513,0.37109375,0.0007068167760735378
max_only,514,0.2421875,0.0007245781016536057
max_only,515,0.30859375,0.000806160518550314
max_only,516,0.3046875,0.0008328079857164994
max_only,517,0.24609375,0.0008296460364363156
max_only,518,0.2421875,0.0007792491232976317
max_only,519,0.24609375,0.0008090834089671262
max_only,520,0.234375,0.0007429453617078252
max_only,521,0.2109375,0.0007866403393563814
max_only,522,0.25,0.0006657683552475646
max_only,523,0.40234375,0.0007881215642555617
max_only,524,0.3515625,0.0007677580433664843
max_only,525,0.2109375,0.0006894447615195531
max_only,526,0.26953125,0.0008475030263070948
max_only,527,0.39453125,0.0007984407784533687
max_only,528,0.26953125,0.000751863612094894
max_only,529,0.3515625,0.0007643108765478246
max_only,530,0.3046875,0.0007701421418460086
max_only,531,0.19921875,0.0007719867790001445
max_only,532,0.3515625,0.0008258752059191465
max_only,533,0.32421875,0.000910081114852801
max_only,534,0.27734375,0.0007040839700493962
max_only,535,0.2734375,0.0006901144879520871
max_only,536,0.36328125,0.0006728441985615063
max_only,537,0.34375,0.0006671807605016511
max_only,538,0.2890625,0.0006667765010206494
max_only,539,0.3359375,0.000728202736354433
max_only,540,0.38671875,0.0008287064993055537
max_only,541,0.30859375,0.000726450867659878
max_only,542,0.30859375,0.0007835793367121369
max_only,543,0.23828125,0.000736112011509249
max_only,544,0.17578125,0.0008202504614018835
pro_only,1,0.0546875,0.0014333387807710096
pro_only,2,0.05859375,0.0014682750042993575
pro_only,3,0.04296875,0.0017167923288070597
pro_only,4,0.0625,0.001405396920745261
pro_only,5,0.0390625,0.0022418634907808155
pro_only,6,0.046875,0.001802080514607951
pro_only,7,0.0546875,0.0015333194605773315
pro_only,8,0.04296875,0.0014345647214213386
pro_only,9,0.0703125,0.001330510975094512
pro_only,10,0.078125,0.0016258432297036052
pro_only,11,0.03515625,0.0017006493435474113
pro_only,12,0.0546875,0.001542375292046927
pro_only,13,0.0390625,0.001183217143989168
pro_only,14,0.08984375,0.0015483306196983904
pro_only,15,0.04296875,0.0017458967631682754
pro_only,16,0.125,0.001434875164704863
pro_only,17,0.0546875,0.0009673051681602374
pro_only,18,0.0625,0.0015528122530668043
pro_only,19,0.05078125,0.002342598898394499
pro_only,20,0.09375,0.001258836782653816
pro_only,21,0.0859375,0.0014662884350400418
pro_only,22,0.1328125,0.001073582810931839
pro_only,23,0.1484375,0.0014132193609839305
pro_only,24,0.10546875,0.0014183159219101071
pro_only,25,0.13671875,0.0012773516718880273
pro_only,26,0.11328125,0.0009159687942883465
pro_only,27,0.1796875,0.00091949130728608
pro_only,28,0.18359375,0.0015414837107528
pro_only,29,0.07421875,0.0011181312147527933
pro_only,30,0.1015625,0.0007524242537328973
pro_only,31,0.11328125,0.0008440831516054459
pro_only,32,0.203125,0.0010402037005405873
pro_only,33,0.14453125,0.0007789969095028937
pro_only,34,0.09765625,0.000750464059819933
pro_only,35,0.078125,0.0008815240435069427
pro_only,36,0.14453125,0.0008045963040785864
pro_only,37,0.1875,0.0007516537152696401
pro_only,38,0.1171875,0.001148999079305213
pro_only,39,0.15234375,0.0007731237928965129
pro_only,40,0.19140625,0.0008172300731530413
pro_only,41,0.203125,0.0008342793080373667
pro_only,42,0.23828125,0.0007511305157095194
pro_only,43,0.1015625,0.0008496474983985536
pro_only,44,0.21484375,0.0007853066781535745
pro_only,45,0.125,0.0007412141494569369
pro_only,46,0.171875,0.000760019182052929
pro_only,47,0.234375,0.0007496197104046587
pro_only,48,0.13671875,0.0006799809780204669
pro_only,49,0.2734375,0.000737282072805101
pro_only,50,0.19140625,0.0007768257855786942
pro_only,51,0.31640625,0.0007584511331515387
pro_only,52,0.125,0.0006472167951869778
pro_only,53,0.11328125,0.0007942913944134489
pro_only,54,0.18359375,0.0006026681221555918
pro_only,55,0.171875,0.0006839736524852924
pro_only,56,0.19140625,0.0006989202847762499
pro_only,57,0.19140625,0.0007500968931708485
pro_only,58,0.234375,0.000768181613238994
pro_only,59,0.17578125,0.0007708894772804342
pro_only,60,0.2421875,0.0008356940525118262
pro_only,61,0.2109375,0.0008226754143834114
pro_only,62,0.21875,0.0006701928432448767
pro_only,63,0.2109375,0.0007715644387644716
pro_only,64,0.16796875,0.0007694305313634686
pro_only,65,0.234375,0.0006864036913611926
pro_only,66,0.19921875,0.0007491011929232627
pro_only,67,0.21875,0.0007695601671002805
pro_only,68,0.2578125,0.0007014887014520355
pro_only,69,0.234375,0.0008021935936994851
pro_only,70,0.16796875,0.0007575405688839965
pro_only,71,0.23828125,0.0008107040412141941
pro_only,72,0.20703125,0.000823283517092932
pro_only,73,0.1953125,0.0007964368051034398
pro_only,74,0.15234375,0.0007732000958640128
pro_only,75,0.23828125,0.0007752294768579304
pro_only,76,0.16015625,0.000676837982609868
pro_only,77,0.17578125,0.0008218069706344977
pro_only,78,0.19921875,0.0007374722845270298
pro_only,79,0.14453125,0.0008884304843377322
pro_only,80,0.15234375,0.0007952515879878774
pro_only,81,0.1640625,0.0007133618055377156
pro_only,82,0.2265625,0.0007697314722463489
pro_only,83,0.13671875,0.0006929396477062255
pro_only,84,0.2578125,0.0007920768912299536
pro_only,85,0.203125,0.0007573865368613042
pro_only,86,0.15234375,0.0006828016812505666
pro_only,87,0.234375,0.0008009843950276263
pro_only,88,0.3046875,0.0008660032399347983
pro_only,89,0.34765625,0.0007563006365671754
pro_only,90,0.30078125,0.0007197312588687055
pro_only,91,0.3046875,0.0008420925587415695
pro_only,92,0.1484375,0.0008069393516052514
pro_only,93,0.30078125,0.0006911240707268007
pro_only,94,0.1640625,0.0007656148445676081
pro_only,95,0.20703125,0.0007578844524687156
pro_only,96,0.26953125,0.0007024316655588336
pro_only,97,0.1953125,0.0006596548846573569
pro_only,98,0.265625,0.0007841569386073388
pro_only,99,0.203125,0.0007189183015725575
pro_only,100,0.26171875,0.0006426526269933674
pro_only,101,0.18359375,0.000684244809235679
pro_only,102,0.30078125,0.0006604795526072849
pro_only,103,0.31640625,0.0008013655533432029
pro_only,104,0.1796875,0.0007017296156845987
pro_only,105,0.265625,0.0008529968108632602
pro_only,106,0.13671875,0.0008373569216928445
pro_only,107,0.19921875,0.000805029550974723
pro_only,108,0.23828125,0.0007221455052786041
pro_only,109,0.2421875,0.0007527456909883767
pro_only,110,0.2578125,0.000614582713751588
pro_only,111,0.32421875,0.0007805324567016214
pro_only,112,0.20703125,0.000742698714020662
pro_only,113,0.20703125,0.0007994306070031598
pro_only,114,0.18359375,0.0008167443666025065
pro_only,115,0.16796875,0.0007786873902659863
pro_only,116,0.25390625,0.0007369621016550809
pro_only,117,0.24609375,0.0007033921719994396
pro_only,118,0.21484375,0.0007778925937600434
pro_only,119,0.234375,0.0007322101082536392
pro_only,120,0.2734375,0.0008260401082225144
pro_only,121,0.234375,0.0006885383336339146
pro_only,122,0.16796875,0.0007669178521609865
pro_only,123,0.11328125,0.0007476777318515815
pro_only,124,0.18359375,0.0007147734868340194
pro_only,125,0.23828125,0.0007538705904153176
pro_only,126,0.2578125,0.0007601144534419291
pro_only,127,0.19140625,0.0007002242200542241
pro_only,128,0.2890625,0.0007340410156757571
pro_only,129,0.25,0.0006779417308280244
pro_only,130,0.3125,0.0008490355976391584
pro_only,131,0.2265625,0.0006728005901095457
pro_only,132,0.265625,0.0007762020140944514
pro_only,133,0.3046875,0.0006173655056045391
pro_only,134,0.3046875,0.0007878435135353357
pro_only,135,0.19140625,0.0007369873419520445
pro_only,136,0.23828125,0.0007260722195496783
pro_only,137,0.26171875,0.0006809345650253817
pro_only,138,0.18359375,0.0007098592650436331
pro_only,139,0.26171875,0.0006946448920643888
pro_only,140,0.203125,0.0006698883298668079
pro_only,141,0.36328125,0.0008158671771525405
pro_only,142,0.203125,0.0006912413955433294
pro_only,143,0.2421875,0.0006791039413656108
pro_only,144,0.203125,0.0006700618323520757
pro_only,145,0.19140625,0.0007694488449487835
pro_only,146,0.14453125,0.0007634846915607341
pro_only,147,0.29296875,0.0007537833880633116
pro_only,148,0.2265625,0.0007772573699185159
pro_only,149,0.28125,0.0007562361715827137
pro_only,150,0.20703125,0.0007127827193471603
pro_only,151,0.3046875,0.0008049720599956345
pro_only,152,0.27734375,0.0007929086059448309
pro_only,153,0.23046875,0.0008287817036034539
pro_only,154,0.328125,0.0007948206693981774
pro_only,155,0.24609375,0.0007554989933851175
pro_only,156,0.21875,0.0007222625499707647
pro_only,157,0.19140625,0.0006926012865733355
pro_only,158,0.2421875,0.000752948377339635
pro_only,159,0.3125,0.0007019209369900636
pro_only,160,0.234375,0.0007068066988722421
pro_only,161,0.15625,0.0006225850302143954
pro_only,162,0.265625,0.0007296307667274959
pro_only,163,0.28515625,0.0007884353544795886
pro_only,164,0.26953125,0.0007093518579495139
pro_only,165,0.3203125,0.0007933465822134167
pro_only,166,0.265625,0.0008686374931130558
pro_only,167,0.2734375,0.0006216127803782001
pro_only,168,0.28515625,0.0007062125732772984
pro_only,169,0.2578125,0.0006573398059117608
pro_only,170,0.25390625,0.0006751250621164218
pro_only,171,0.375,0.0007663016076548956
pro_only,172,0.296875,0.000760032722610049
pro_only,173,0.3203125,0.0007644727447768673
pro_only,174,0.21875,0.0007966712073539384
pro_only,175,0.28515625,0.0007214851611934137
pro_only,176,0.140625,0.000669254812237341
pro_only,177,0.1953125,0.0007569645458715968
pro_only,178,0.234375,0.000748249760363251
pro_only,179,0.15234375,0.0006502277246909216
pro_only,180,0.2890625,0.0006751183755113743
pro_only,181,0.24609375,0.0006455889160861261
pro_only,182,0.34765625,0.0007045077945804223
pro_only,183,0.26953125,0.0007529041831730865
pro_only,184,0.26953125,0.0007344220430240966
pro_only,185,0.29296875,0.0006173807851155289
pro_only,186,0.296875,0.000697683593898546
pro_only,187,0.22265625,0.000669894965540152
pro_only,188,0.26953125,0.0008070700423559174
pro_only,189,0.2734375,0.0007001126796239987
pro_only,190,0.1796875,0.0007290677094715647
pro_only,191,0.30859375,0.0007479899941245094
pro_only,192,0.22265625,0.0006941119063412771
pro_only,193,0.19921875,0.0007554074400104582
pro_only,194,0.19921875,0.0006957878576940857
pro_only,195,0.16015625,0.0007864265935495496
pro_only,196,0.27734375,0.0007611375622218475
pro_only,197,0.16015625,0.000717935665306868
pro_only,198,0.296875,0.0007063624216243625
pro_only,199,0.2265625,0.0007313206297112629
pro_only,200,0.19921875,0.0007253946314449422
pro_only,201,0.30859375,0.0007145894596760627
pro_only,202,0.2578125,0.0006322836707113311
pro_only,203,0.171875,0.0008004872579476796
pro_only,204,0.30078125,0.0006545000469486695
pro_only,205,0.31640625,0.0007087604972184636
pro_only,206,0.19921875,0.0006882231682538986
pro_only,207,0.171875,0.0007115328480722383
pro_only,208,0.2265625,0.0008255022185039707
pro_only,209,0.36328125,0.0007836430595489219
pro_only,210,0.1953125,0.0008341691791429184
pro_only,211,0.21875,0.0007808688169461675
pro_only,212,0.24609375,0.0007238357320602518
pro_only,213,0.2265625,0.0006917655118741095
pro_only,214,0.2421875,0.0007686605167691596
pro_only,215,0.29296875,0.0006922312240931205
pro_only,216,0.32421875,0.0007791374155203812
pro_only,217,0.2578125,0.0006989143003011122
pro_only,218,0.26953125,0.0008878783773980103
pro_only,219,0.21484375,0.0007627447630511597
pro_only,220,0.18359375,0.0008005117560969666
pro_only,221,0.20703125,0.0008343207955476828
pro_only,222,0.28515625,0.0006496021342172753
pro_only,223,0.21875,0.0007686638346058317
pro_only,224,0.28125,0.0008522123825969175
pro_only,225,0.35546875,0.000787364780990174
pro_only,226,0.2109375,0.0007864298750064336
pro_only,227,0.3203125,0.0007474190133507363
pro_only,228,0.203125,0.0008529444239684381
pro_only,229,0.2265625,0.000680224948155228
pro_only,230,0.1875,0.0006800687260692939
pro_only,231,0.23828125,0.0007316680494113825
pro_only,232,0.25390625,0.0007203872301033698
pro_only,233,0.3203125,0.0007932880544103682
pro_only,234,0.33203125,0.000711901971953921
pro_only,235,0.29296875,0.0007076401707308833
pro_only,236,0.2734375,0.000789098281529732
pro_only,237,0.17578125,0.0007624952850164846
pro_only,238,0.27734375,0.0006808594625908881
pro_only,239,0.27734375,0.0007519928367401008
pro_only,240,0.265625,0.0007090414146659896
pro_only,241,0.3203125,0.0007044356971164234
pro_only,242,0.375,0.0007466760071110912
pro_only,243,0.328125,0.0007875198716646992
pro_only,244,0.30859375,0.0006889186697662808
pro_only,245,0.296875,0.0007901388598838821
pro_only,246,0.32421875,0.0006899634754518047
pro_only,247,0.1484375,0.000777996850956697
pro_only,248,0.3125,0.0007727713746135123
pro_only,249,0.21875,0.0007843245621188544
pro_only,250,0.2890625,0.0007640870826435275
pro_only,251,0.25390625,0.0006900418229633942
pro_only,252,0.23046875,0.0007164610542531591
pro_only,253,0.24609375,0.0006824580850661732
pro_only,254,0.2890625,0.0007402890187222511
pro_only,255,0.2734375,0.0007659111215616576
pro_only,256,0.2109375,0.000736811722163111
pro_only,257,0.24609375,0.00079816502329777
pro_only,258,0.2109375,0.0007855973308323883
pro_only,259,0.1171875,0.0007579143712064251
pro_only,260,0.33203125,0.0007014318834990263
pro_only,261,0.2421875,0.0007582121761515737
pro_only,262,0.21484375,0.0007576820135000162
pro_only,263,0.203125,0.0007081489602569491
pro_only,264,0.33203125,0.0008260287504526787
pro_only,265,0.34765625,0.0007703929877607152
pro_only,266,0.34765625,0.0007306901607080363
pro_only,267,0.265625,0.0007771102464175783
pro_only,268,0.22265625,0.0006938252481631935
pro_only,269,0.34375,0.0007541238446719944
pro_only,270,0.171875,0.0008358791164937429
pro_only,271,0.37109375,0.0008037339430302382
pro_only,272,0.2109375,0.0007343019096879289
pro_only,273,0.33203125,0.0007385090721072629
pro_only,274,0.25390625,0.0007597161020385101
pro_only,275,0.2734375,0.0007653931752429344
pro_only,276,0.32421875,0.0007244816079037264
pro_only,277,0.3125,0.0008163852253346704
pro_only,278,0.1875,0.0006553123166668229
pro_only,279,0.21484375,0.000737470509193372
pro_only,280,0.203125,0.0008704172250872944
pro_only,281,0.375,0.000668680982926162
pro_only,282,0.3125,0.0007375528657576069
pro_only,283,0.23046875,0.0007178166706580669
pro_only,284,0.39453125,0.0008084882611001376
pro_only,285,0.1640625,0.0007244170337799005
pro_only,286,0.09375,0.0007930960564408451
pro_only,287,0.2421875,0.0008362784938071854
pro_only,288,0.2890625,0.0007426451993524097
pro_only,289,0.24609375,0.0008513883876730688
pro_only,290,0.3203125,0.000664203518681461
pro_only,291,0.24609375,0.0007056191680021584
pro_only,292,0.29296875,0.0007591765752295032
pro_only,293,0.19921875,0.0007844797437428497
pro_only,294,0.328125,0.0007844608953746501
pro_only,295,0.17578125,0.0006449396532843821
pro_only,296,0.2578125,0.0007666716483072378
pro_only,297,0.33984375,0.0007203762543213088
pro_only,298,0.1875,0.0007134027546271682
pro_only,299,0.2578125,0.0008086835805443116
pro_only,300,0.26171875,0.0007353504697675817
pro_only,301,0.19140625,0.0008073307835729793
pro_only,302,0.203125,0.0007681761417188682
pro_only,303,0.23828125,0.0007113851170288399
pro_only,304,0.3125,0.0007443139547831379
pro_only,305,0.2890625,0.0007382151707133744
pro_only,306,0.25,0.0007361916213994846
pro_only,307,0.2890625,0.0008440069577773102
pro_only,308,0.21484375,0.0008137661061482504
pro_only,309,0.19140625,0.0007387711739283986
pro_only,310,0.33203125,0.0007257611396198627
pro_only,311,0.28125,0.0008405144544667564
pro_only,312,0.2421875,0.0007242546853376552
pro_only,313,0.3125,0.0006850789286545478
pro_only,314,0.1875,0.0007504144232370891
pro_only,315,0.1953125,0.0007134751213015988
pro_only,316,0.24609375,0.0007318853022297844
pro_only,317,0.375,0.0007631319531355985
pro_only,318,0.23046875,0.0007347207356360741
pro_only,319,0.37890625,0.0007888398722570855
pro_only,320,0.27734375,0.0007679449918214232
pro_only,321,0.35546875,0.0007366686404566281
pro_only,322,0.15625,0.0007947335107019171
pro_only,323,0.296875,0.000764269003411755
pro_only,324,0.21484375,0.0007571735113742761
pro_only,325,0.28515625,0.0007736496045254171
pro_only,326,0.26171875,0.0007601821926073171
pro_only,327,0.31640625,0.0006828223849879578
pro_only,328,0.3203125,0.0007842533668735996
pro_only,329,0.21875,0.0007680759517825209
pro_only,330,0.2421875,0.0006891494267620146
pro_only,331,0.30078125,0.0007284963867277838
pro_only,332,0.34375,0.000769803169532679
pro_only,333,0.35546875,0.0007528320420533419
pro_only,334,0.328125,0.0007564318584627472
pro_only,335,0.28515625,0.000757294699724298
pro_only,336,0.27734375,0.0008294753715745173
pro_only,337,0.28125,0.0008038238520384766
pro_only,338,0.23828125,0.0008299363398691639
pro_only,339,0.3515625,0.0008411586313741282
pro_only,340,0.37109375,0.0007716722175246105
pro_only,341,0.296875,0.0007932011139928363
pro_only,342,0.296875,0.0007043616533337627
pro_only,343,0.15625,0.000782423150667455
pro_only,344,0.19921875,0.0007457212341250852
pro_only,345,0.3203125,0.0009134086867561564
pro_only,346,0.1875,0.0007961740557220764
pro_only,347,0.3125,0.0007498579652747139
pro_only,348,0.359375,0.000893852578883525
pro_only,349,0.3359375,0.0007879952099756338
pro_only,350,0.2890625,0.000834059581393376
pro_only,351,0.21484375,0.0007938898197608069
pro_only,352,0.12890625,0.0008163066668203101
pro_only,353,0.40234375,0.0007218887330964208
pro_only,354,0.37890625,0.0007563718972960487
pro_only,355,0.3125,0.0007940751747810282
pro_only,356,0.1953125,0.0008875246858224273
pro_only,357,0.2890625,0.000815781851997599
pro_only,358,0.2578125,0.0007848117747926153
pro_only,359,0.3515625,0.000876531601534225
pro_only,360,0.18359375,0.0008930027615861036
pro_only,361,0.265625,0.0007697405017097481
pro_only,362,0.3828125,0.0008587727497797459
pro_only,363,0.2421875,0.0007600293101859279
pro_only,364,0.31640625,0.0006974735770199914
pro_only,365,0.34375,0.0008021253379411064
pro_only,366,0.23828125,0.0007751133234705776
pro_only,367,0.26171875,0.0008245786448242143
pro_only,368,0.34765625,0.0007735443505225703
pro_only,369,0.3515625,0.0007792130490997806
pro_only,370,0.21484375,0.0007847934975870885
pro_only,371,0.32421875,0.0007729870558250695
pro_only,372,0.234375,0.0007893115252954885
pro_only,373,0.19140625,0.0007626791557413526
pro_only,374,0.3125,0.0006728685038979165
pro_only,375,0.171875,0.0008979886551969685
pro_only,376,0.203125,0.0007960544680827297
pro_only,377,0.3046875,0.0008164053870132193
pro_only,378,0.25,0.0008667819856782444
pro_only,379,0.24609375,0.0007453424259438179
pro_only,380,0.265625,0.0008117999823298305
pro_only,381,0.32421875,0.0007496353500755504
pro_only,382,0.33984375,0.0008079575854935683
pro_only,383,0.23828125,0.0007346262500504963
pro_only,384,0.23046875,0.0007466806564480066
pro_only,385,0.16796875,0.0008420683625445236
pro_only,386,0.2421875,0.0008344860034412704
pro_only,387,0.19140625,0.0008178452189895324
pro_only,388,0.2578125,0.0007961843439261429
pro_only,389,0.234375,0.0007443321446771733
pro_only,390,0.24609375,0.0008016854335437529
pro_only,391,0.34765625,0.0007154824415920302
pro_only,392,0.28125,0.0007386442957795225
pro_only,393,0.25,0.0008465276696369983
pro_only,394,0.34375,0.0008497760281898081
pro_only,395,0.3671875,0.0007543123574578203
pro_only,396,0.19921875,0.0008252772749983706
pro_only,397,0.33203125,0.0009259195066988468
pro_only,398,0.24609375,0.0008486747028655373
pro_only,399,0.37109375,0.0007706698961555958
pro_only,400,0.3125,0.0007644915676792152
pro_only,401,0.21875,0.0007437945605488494
pro_only,402,0.3203125,0.0007687158431508578
pro_only,403,0.26953125,0.0008176834817277268
pro_only,404,0.34375,0.0007605266036989633
pro_only,405,0.2734375,0.000612934039963875
pro_only,406,0.28515625,0.0008302555434056558
pro_only,407,0.33984375,0.0006459802316385321
pro_only,408,0.3125,0.0006944760134501848
pro_only,409,0.3046875,0.0007607031730003655
pro_only,410,0.20703125,0.0007490769858122803
pro_only,411,0.14453125,0.0008396922930842265
pro_only,412,0.24609375,0.0007071158543112688
pro_only,413,0.265625,0.000828495976747945
pro_only,414,0.33203125,0.0007985907650436275
pro_only,415,0.328125,0.0008138723642332479
pro_only,416,0.23046875,0.0006816897293902002
pro_only,417,0.31640625,0.000820774665044155
pro_only,418,0.3046875,0.0007866995001677424
pro_only,419,0.32421875,0.0008896259460016154
pro_only,420,0.29296875,0.000776191838667728
pro_only,421,0.33203125,0.0008155758259817958
pro_only,422,0.37109375,0.0008347596958628856
pro_only,423,0.23828125,0.0008876534921000712
pro_only,424,0.3046875,0.0007318034840864129
pro_only,425,0.31640625,0.0008713996357982978
pro_only,426,0.32421875,0.0007241278508445248
pro_only,427,0.32421875,0.0008027941876207478
pro_only,428,0.23828125,0.0008059895917540416
pro_only,429,0.17578125,0.0007659040529688355
pro_only,430,0.41796875,0.000851194046845194
pro_only,431,0.2890625,0.0008348477058461867
pro_only,432,0.27734375,0.0007906103346613236
pro_only,433,0.2578125,0.0007526563640567474
pro_only,434,0.32421875,0.0008065107467700727
pro_only,435,0.23046875,0.0008059505489654839
pro_only,436,0.27734375,0.0008342060682480223
pro_only,437,0.17578125,0.0007886494931881316
pro_only,438,0.3046875,0.0007818000376573764
pro_only,439,0.359375,0.0007852027338230982
pro_only,440,0.1953125,0.0008429452936979942
pro_only,441,0.3046875,0.0008152018126565963
pro_only,442,0.26171875,0.0008129101624945179
pro_only,443,0.3984375,0.0008171228400897235
pro_only,444,0.33203125,0.0006931597272341605
pro_only,445,0.41796875,0.000875025762070436
pro_only,446,0.27734375,0.0005773566299467348
pro_only,447,0.203125,0.0007625241560162976
pro_only,448,0.20703125,0.0007287398038897663
pro_only,449,0.34375,0.0009001288490253501
pro_only,450,0.328125,0.0007934753593872301
pro_only,451,0.31640625,0.0008282986746053211
pro_only,452,0.34765625,0.0007932764856377617
pro_only,453,0.265625,0.0008756648749113083
pro_only,454,0.23828125,0.0008253074702224694
pro_only,455,0.30859375,0.0007579981538583525
pro_only,456,0.19921875,0.0008094447402982041
pro_only,457,0.38671875,0.000808744938694872
pro_only,458,0.21875,0.0007807000438333489
pro_only,459,0.38671875,0.000808854034403339
pro_only,460,0.36328125,0.000877369377121795
pro_only,461,0.26171875,0.0007750978911644779
pro_only,462,0.23828125,0.0007658286449441221
pro_only,463,0.296875,0.0007949009450385347
pro_only,464,0.31640625,0.0007776177662890404
pro_only,465,0.35546875,0.0008351510550710373
pro_only,466,0.3046875,0.000748567639675457
pro_only,467,0.32421875,0.0006684707404929213
pro_only,468,0.29296875,0.0008566927499487065
pro_only,469,0.29296875,0.0007698791960137896
pro_only,470,0.31640625,0.0008179549840861
pro_only,471,0.30078125,0.0009105912686209194
pro_only,472,0.3515625,0.0007868300162954256
pro_only,473,0.3203125,0.000774593536334578
pro_only,474,0.34375,0.0008248960439232178
pro_only,475,0.359375,0.0009247777634300292
pro_only,476,0.2734375,0.0009208842602674849
pro_only,477,0.30859375,0.0009338355885120109
pro_only,478,0.28515625,0.000942486589337932
pro_only,479,0.265625,0.000912834017071873
pro_only,480,0.296875,0.0007451184428646229
pro_only,481,0.30078125,0.0008936634621932171
pro_only,482,0.2578125,0.0008489468018524349
pro_only,483,0.359375,0.0009119443275267258
pro_only,484,0.29296875,0.0009617405812605284
pro_only,485,0.328125,0.0008741377314436249
pro_only,486,0.296875,0.0008393933894694783
pro_only,487,0.24609375,0.0008757949035498314
pro_only,488,0.32421875,0.0008336939572473057
pro_only,489,0.34765625,0.0007585060302517377
pro_only,490,0.234375,0.0008061533008003607
pro_only,491,0.18359375,0.0008288581811939366
pro_only,492,0.28125,0.0007771364544169046
pro_only,493,0.28125,0.0008247252408182248
pro_only,494,0.28515625,0.0007714053863310255
pro_only,495,0.34375,0.0008652139149489813
pro_only,496,0.234375,0.0008555607637390494
pro_only,497,0.33984375,0.0008575888932682574
pro_only,498,0.3203125,0.0007769727744744159
pro_only,499,0.27734375,0.0007297013289644383
pro_only,500,0.3125,0.0007825606662663631
pro_only,501,0.22265625,0.0008145182364387438
pro_only,502,0.375,0.0008834727559587918
pro_only,503,0.3515625,0.0007741135923424736
pro_only,504,0.21484375,0.0007892654248280451
pro_only,505,0.32421875,0.0007703920055064373
pro_only,506,0.34375,0.0008695743381395005
pro_only,507,0.1875,0.0007418716195388697
pro_only,508,0.30078125,0.0008034603742999025
pro_only,509,0.31640625,0.0007938840717542917
pro_only,510,0.234375,0.0008044316782616079
pro_only,511,0.30859375,0.0007669665792491287
pro_only,512,0.37109375,0.0009482566601946019
pro_only,513,0.40625,0.0008104879889287986
pro_only,514,0.3671875,0.0008304477014462464
pro_only,515,0.296875,0.000896033387107309
pro_only,516,0.25390625,0.0007332785098697059
pro_only,517,0.27734375,0.0009091676620300859
pro_only,518,0.34765625,0.0009238765123882331
pro_only,519,0.265625,0.000924491228943225
pro_only,520,0.359375,0.0008393039970542304
pro_only,521,0.2578125,0.0011111451458418742
pro_only,522,0.28125,0.0008528891994501464
pro_only,523,0.2890625,0.0009202084911521524
pro_only,524,0.20703125,0.0009072974717128091
pro_only,525,0.2890625,0.0009771700570126995
pro_only,526,0.265625,0.0009939767405739985
pro_only,527,0.3359375,0.0008770301574259065
pro_only,528,0.27734375,0.000884101027622819
pro_only,529,0.25390625,0.000890491166501306
pro_only,530,0.23828125,0.0009222840963047929
pro_only,531,0.34375,0.0008650801391922869
pro_only,532,0.3203125,0.0008426573185715824
pro_only,533,0.31640625,0.0009276917699025944
pro_only,534,0.29296875,0.0008809606224531308
pro_only,535,0.26171875,0.0008510184416081756
pro_only,536,0.1171875,0.0008931576521717943
pro_only,537,0.2890625,0.0009020810030051507
pro_only,538,0.3203125,0.0010092816082760692
pro_only,539,0.2734375,0.0008499476898577996
pro_only,540,0.28515625,0.0009251020383089781
pro_only,541,0.32421875,0.0009286360509577207
pro_only,542,0.34765625,0.0008632349417894147
pro_only,543,0.39453125,0.0008673274278407916
pro_only,544,0.33203125,0.0009602284626453184
pro_max,1,0.0546875,0.0014654033002443612
pro_max,2,0.03125,0.001708288284135051
pro_max,3,0.0546875,0.001519714467576705
pro_max,4,0.03515625,0.0016041941780713387
pro_max,5,0.07421875,0.0017764888834790327
pro_max,6,0.046875,0.0017033485491992906
pro_max,7,0.0625,0.0015949291118886322
pro_max,8,0.05078125,0.0011764081282308325
pro_max,9,0.0703125,0.002130470224074088
pro_max,10,0.0625,0.001906534467707388
pro_max,11,0.05078125,0.002640484643052332
pro_max,12,0.0546875,0.0014979376719566062
pro_max,13,0.0703125,0.002109766108333133
pro_max,14,0.109375,0.0017722858028719202
pro_max,15,0.078125,0.0013685675148735754
pro_max,16,0.05859375,0.0012865898534073494
pro_max,17,0.07421875,0.001280633958231192
pro_max,18,0.0703125,0.0015058163917274214
pro_max,19,0.10546875,0.0010662822678568773
pro_max,20,0.1015625,0.0012136641016695648
pro_max,21,0.125,0.0009507648210274056
pro_max,22,0.08203125,0.0013751591977779754
pro_max,23,0.10546875,0.0013581935781985521
pro_max,24,0.14453125,0.0010689310511224903
pro_max,25,0.04296875,0.0012511058448581025
pro_max,26,0.13671875,0.000989665582892485
pro_max,27,0.1015625,0.0007118913490558043
pro_max,28,0.1640625,0.0007398174566333182
pro_max,29,0.16796875,0.0009636909962864593
pro_max,30,0.1796875,0.0007438370157615282
pro_max,31,0.125,0.0007482504443032667
pro_max,32,0.08984375,0.000759757196647115
pro_max,33,0.11328125,0.0007210416224552318
pro_max,34,0.15625,0.0008502968557877466
pro_max,35,0.16015625,0.0008031933248275891
pro_max,36,0.18359375,0.0007694616142543964
pro_max,37,0.10546875,0.0008007752476260066
pro_max,38,0.15625,0.0006994698269409128
pro_max,39,0.1796875,0.0008270397811429575
pro_max,40,0.21875,0.0006665877808700316
pro_max,41,0.14453125,0.0007364309567492455
pro_max,42,0.1796875,0.0007436584710376337
pro_max,43,0.18359375,0.0007704852796450723
pro_max,44,0.2109375,0.0007628267703694291
pro_max,45,0.16796875,0.0008798815615591593
pro_max,46,0.20703125,0.0007219467515824363
pro_max,47,0.13671875,0.0007293905437109061
pro_max,48,0.21875,0.000747633443097584
pro_max,49,0.2109375,0.0007293425587704405
pro_max,50,0.203125,0.0007536421690019779
pro_max,51,0.19921875,0.0008537516987416893
pro_max,52,0.25390625,0.0006945010100025684
pro_max,53,0.1640625,0.0008415061020059511
pro_max,54,0.14453125,0.0008348386545549147
pro_max,55,0.17578125,0.0007821513936505653
pro_max,56,0.17578125,0.0008606788687757216
pro_max,57,0.14453125,0.0007509481365559623
pro_max,58,0.21875,0.0007611953551531769
pro_max,59,0.234375,0.0007849388930480927
pro_max,60,0.1796875,0.000824393515358679
pro_max,61,0.26171875,0.0008456486466457136
pro_max,62,0.14453125,0.0008546291246602777
pro_max,63,0.234375,0.0006743762132828124
pro_max,64,0.16015625,0.0007668553444091231
pro_max,65,0.26171875,0.000775452281231992
pro_max,66,0.2265625,0.0007542287385149393
pro_max,67,0.22265625,0.0007788979564793408
pro_max,68,0.21484375,0.0008249335151049308
pro_max,69,0.1875,0.0007400756294373423
pro_max,70,0.1796875,0.0007201516418717802
pro_max,71,0.2734375,0.0007649994877283461
pro_max,72,0.1796875,0.0007105545591912232
pro_max,73,0.27734375,0.0007456014209310524
pro_max,74,0.20703125,0.000804634255473502
pro_max,75,0.15625,0.0007114939144230448
pro_max,76,0.19921875,0.0007900315176812001
pro_max,77,0.37890625,0.0007894184382166713
pro_max,78,0.23828125,0.0007252548093674704
pro_max,79,0.21875,0.0007287798434845172
pro_max,80,0.1640625,0.0007472617689927574
pro_max,81,0.23046875,0.0007283523736987263
pro_max,82,0.25,0.0008167672858689912
pro_max,83,0.3046875,0.000853530305903405
pro_max,84,0.2578125,0.000818194355815649
pro_max,85,0.1953125,0.0008195844711735845
pro_max,86,0.23046875,0.0007317129275179468
pro_max,87,0.23046875,0.0008005542113096453
pro_max,88,0.2734375,0.0008146302789100446
pro_max,89,0.17578125,0.0007531212031608447
pro_max,90,0.28515625,0.000798980167019181
pro_max,91,0.26171875,0.0007804353263054509
pro_max,92,0.25390625,0.0007714208913967013
pro_max,93,0.28125,0.0007719048226135783
pro_max,94,0.27734375,0.0007643617936992086
pro_max,95,0.25,0.0007823815540177748
pro_max,96,0.234375,0.0008864059709594585
pro_max,97,0.1484375,0.0007961430383147672
pro_max,98,0.18359375,0.0008108436450129375
pro_max,99,0.26953125,0.0006830685670138337
pro_max,100,0.27734375,0.0007651139821973629
pro_max,101,0.19921875,0.0008180889853974804
pro_max,102,0.28515625,0.0007699458001297899
pro_max,103,0.2265625,0.0007159534943639301
pro_max,104,0.23828125,0.0008183871141227428
pro_max,105,0.2578125,0.0008122260405798443
pro_max,106,0.1484375,0.0007999968001968227
pro_max,107,0.16796875,0.0007705346069997177
pro_max,108,0.18359375,0.0008044720816542394
pro_max,109,0.16796875,0.0007424401992466301
pro_max,110,0.30859375,0.0006529214879265055
pro_max,111,0.1953125,0.0007893679867265746
pro_max,112,0.25390625,0.0007462953435606323
pro_max,113,0.27734375,0.0007894867521827109
pro_max,114,0.3203125,0.0007835812648409046
pro_max,115,0.28125,0.00080063479981618
pro_max,116,0.2734375,0.0007593341724714264
pro_max,117,0.28515625,0.0008749851622269489
pro_max,118,0.1796875,0.0007946185723994859
pro_max,119,0.30859375,0.0007187735063780565
pro_max,120,0.1796875,0.0007723891976638697
pro_max,121,0.2265625,0.0007928795530460775
pro_max,122,0.3203125,0.0008218347866204567
pro_max,123,0.25390625,0.0007885048689786345
pro_max,124,0.234375,0.0007434684011968784
pro_max,125,0.30078125,0.0008243977572419681
pro_max,126,0.17578125,0.0007260639249579981
pro_max,127,0.10546875,0.0007430748592014425
pro_max,128,0.21875,0.0007733204038231634
pro_max,129,0.28515625,0.0007295381292351522
pro_max,130,0.27734375,0.0006578305910807103
pro_max,131,0.19921875,0.0006052647113392595
pro_max,132,0.19140625,0.0007144632872950751
pro_max,133,0.25390625,0.000687842613842804
pro_max,134,0.25,0.0007357834547292441
pro_max,135,0.24609375,0.0007218552054837346
pro_max,136,0.23828125,0.0007856040538172238
pro_max,137,0.1796875,0.0007940251525724307
pro_max,138,0.1796875,0.000705419690348208
pro_max,139,0.203125,0.0007943395467009395
pro_max,140,0.2265625,0.0007929199091449846
pro_max,141,0.27734375,0.0007853483948565554
pro_max,142,0.33203125,0.0006729976084898226
pro_max,143,0.23046875,0.0008658375591039658
pro_max,144,0.23828125,0.0007833083218429238
pro_max,145,0.16015625,0.0007604704405821394
pro_max,146,0.25,0.0007450443663401529
pro_max,147,0.19140625,0.0007030687411315739
pro_max,148,0.2890625,0.0007921874348539859
pro_max,149,0.28125,0.000757819929276593
pro_max,150,0.33203125,0.0006888815187267028
pro_max,151,0.2734375,0.0007957275738590397
pro_max,152,0.2578125,0.0008013648330233991
pro_max,153,0.19921875,0.0007825433422112837
pro_max,154,0.1796875,0.0008716617012396455
pro_max,155,0.1640625,0.0007562818063888699
pro_max,156,0.2578125,0.0007678387919440866
pro_max,157,0.34375,0.0006727456202497706
pro_max,158,0.26953125,0.000737822861992754
pro_max,159,0.328125,0.0007446412928402424
pro_max,160,0.1875,0.0007606891958857886
pro_max,161,0.30078125,0.0009128543752012774
pro_max,162,0.2109375,0.0008537338726455346
pro_max,163,0.20703125,0.000850262280437164
pro_max,164,0.2265625,0.0008804690660326742
pro_max,165,0.18359375,0.0007974318723427132
pro_max,166,0.20703125,0.0008250630417023785
pro_max,167,0.17578125,0.0008013899423531257
pro_max,168,0.29296875,0.0007178386695159134
pro_max,169,0.2421875,0.000836305167467799
pro_max,170,0.2890625,0.0007815881908754818
pro_max,171,0.234375,0.0006944781562197022
pro_max,172,0.28515625,0.000864593246660661
pro_max,173,0.25,0.0008407316927332431
pro_max,174,0.25,0.0007404303687508218
pro_max,175,0.31640625,0.000716797549102921
pro_max,176,0.13671875,0.0007833391282474622
pro_max,177,0.2734375,0.0008061515472945757
pro_max,178,0.19140625,0.00078984719584696
pro_max,179,0.2578125,0.000786392622103449
pro_max,180,0.17578125,0.0006844587878731545
pro_max,181,0.29296875,0.0007908682964625768
pro_max,182,0.28125,0.0006974461357458495
pro_max,183,0.19140625,0.000761394141591154
pro_max,184,0.34375,0.0007862608908908442
pro_max,185,0.203125,0.0007006326850387268
pro_max,186,0.140625,0.0007379694652627222
pro_max,187,0.265625,0.0007934579261927865
pro_max,188,0.26953125,0.0008281372429337353
pro_max,189,0.16796875,0.00078358527389355
pro_max,190,0.28515625,0.0008271180267911404
pro_max,191,0.296875,0.0007014999901002739
pro_max,192,0.25390625,0.0006798540343879722
pro_max,193,0.265625,0.0007748096832074225
pro_max,194,0.19140625,0.0007723398084635846
pro_max,195,0.20703125,0.0007476123064407147
pro_max,196,0.29296875,0.0006766217265976593
pro_max,197,0.23828125,0.0007599532254971564
pro_max,198,0.18359375,0.0007136411732062697
pro_max,199,0.19140625,0.0008036758445086889
pro_max,200,0.3046875,0.0007690045604249462
pro_max,201,0.296875,0.0006956220568099525
pro_max,202,0.2578125,0.0008785628306213766
pro_max,203,0.20703125,0.0007471574499504641
pro_max,204,0.2890625,0.0007157153522712179
pro_max,205,0.31640625,0.0007630897816852666
pro_max,206,0.2421875,0.0007429055767715909
pro_max,207,0.3046875,0.0007231237250380218
pro_max,208,0.30078125,0.0008330950149684213
pro_max,209,0.24609375,0.0007973866740940139
pro_max,210,0.25,0.0007764919137116522
pro_max,211,0.18359375,0.0008726153973839246
pro_max,212,0.25390625,0.0008576954278396443
pro_max,213,0.34765625,0.0007511602125305217
pro_max,214,0.21484375,0.00081579099787632
pro_max,215,0.375,0.0006949969101697206
pro_max,216,0.3203125,0.0007609635940752923
pro_max,217,0.21484375,0.0007105258264346048
pro_max,218,0.29296875,0.0008927735980250873
pro_max,219,0.35546875,0.0007401085749734193
pro_max,220,0.2109375,0.0006424142920877784
pro_max,221,0.2265625,0.0007438302345690317
pro_max,222,0.21484375,0.0007939497081679292
pro_max,223,0.27734375,0.0009389365586685017
pro_max,224,0.25390625,0.0007978600260685198
pro_max,225,0.28515625,0.0007195368089014664
pro_max,226,0.3359375,0.0007524562024627812
pro_max,227,0.2109375,0.0008292398488265462
pro_max,228,0.27734375,0.0007310959554160945
pro_max,229,0.296875,0.000804123657871969
pro_max,230,0.2734375,0.0007486955037165899
pro_max,231,0.29296875,0.0006656990080955438
pro_max,232,0.171875,0.0006820022827014327
pro_max,233,0.265625,0.0007287477201316506
pro_max,234,0.2578125,0.0007921940778032877
pro_max,235,0.16015625,0.0007403194649668876
pro_max,236,0.2734375,0.0007652418644283898
pro_max,237,0.19921875,0.0008275097716250457
pro_max,238,0.2734375,0.0007614607748109847
pro_max,239,0.18359375,0.0007278213161043823
pro_max,240,0.2109375,0.0007758048814139329
pro_max,241,0.2265625,0.000835036211356055
pro_max,242,0.3125,0.0007554555486422032
pro_max,243,0.34765625,0.0007643869175808504
pro_max,244,0.29296875,0.0007910174099379219
pro_max,245,0.28515625,0.00076229761907598
pro_max,246,0.28125,0.0008504185389028862
pro_max,247,0.1796875,0.0008137034819810651
pro_max,248,0.265625,0.0007325032056542113
pro_max,249,0.36328125,0.0008240661773015745
pro_max,250,0.28515625,0.0007865849511290435
pro_max,251,0.31640625,0.0006902782079123426
pro_max,252,0.2109375,0.0006723673577653244
pro_max,253,0.22265625,0.0007938712078612298
pro_max,254,0.2421875,0.0008496908631059341
pro_max,255,0.23828125,0.0007573321345262229
pro_max,256,0.25,0.0008128330737235956
pro_max,257,0.30859375,0.0007372597610810772
pro_max,258,0.20703125,0.0007063139200909063
pro_max,259,0.22265625,0.0007150610181270167
pro_max,260,0.31640625,0.0007001932244747877
pro_max,261,0.23828125,0.00081795147707453
pro_max,262,0.25,0.0007177165680332109
pro_max,263,0.1875,0.0006589184849872254
pro_max,264,0.2421875,0.0007824724525562488
pro_max,265,0.1796875,0.0008033478006836958
pro_max,266,0.20703125,0.0007148569748096634
pro_max,267,0.27734375,0.0007799908999004401
pro_max,268,0.21484375,0.0007705384705332108
pro_max,269,0.3125,0.0007703718438278884
pro_max,270,0.30078125,0.0007868000466260128
pro_max,271,0.34375,0.0008179919459507801
pro_max,272,0.328125,0.0007698665503994562
pro_max,273,0.18359375,0.0008028686861507595
pro_max,274,0.36328125,0.0007669229744351469
pro_max,275,0.28515625,0.0008159986537066288
pro_max,276,0.22265625,0.0007841396145522594
pro_max,277,0.26171875,0.0007729009084869176
pro_max,278,0.265625,0.0007427061209455132
pro_max,279,0.28125,0.0007512737101933453
pro_max,280,0.2890625,0.0007411257392959669
pro_max,281,0.34375,0.0007591014509671368
pro_max,282,0.30859375,0.0007390506434603594
pro_max,283,0.30078125,0.0007251348251884338
pro_max,284,0.3125,0.0007974913969519548
pro_max,285,0.34765625,0.000837830979435239
pro_max,286,0.19140625,0.0008892549012671225
pro_max,287,0.3125,0.0008618495994596742
pro_max,288,0.2109375,0.0008271203114418313
pro_max,289,0.32421875,0.0008121643113554455
pro_max,290,0.24609375,0.0007849484318285249
pro_max,291,0.2578125,0.0007724653005425353
pro_max,292,0.3515625,0.0007984036346897483
pro_max,293,0.22265625,0.0008098210237221792
pro_max,294,0.2421875,0.0007117731438484043
pro_max,295,0.375,0.0006701913880533539
pro_max,296,0.34375,0.000714864072506316
pro_max,297,0.25,0.0007560771773569286
pro_max,298,0.29296875,0.0007751057637506165
pro_max,299,0.28515625,0.0007129435944079887
pro_max,300,0.28125,0.0007781667009112425
pro_max,301,0.28125,0.000761944982514251
pro_max,302,0.25390625,0.0006978351884754375
pro_max,303,0.2890625,0.0008233074768213555
pro_max,304,0.2890625,0.0007158766238717362
pro_max,305,0.203125,0.000737820468202699
pro_max,306,0.30859375,0.0008018229564186186
pro_max,307,0.296875,0.0006892625387990847
pro_max,308,0.26171875,0.0007330149746849202
pro_max,309,0.17578125,0.0008119794292724691
pro_max,310,0.2265625,0.0007989921941771172
pro_max,311,0.35546875,0.0006918515136931092
pro_max,312,0.1953125,0.0007482047112716828
pro_max,313,0.2890625,0.0008872258549672551
pro_max,314,0.38671875,0.0007431647900375538
pro_max,315,0.28515625,0.0007968837162479758
pro_max,316,0.265625,0.0007045909078442492
pro_max,317,0.2890625,0.0007823913038009778
pro_max,318,0.31640625,0.0007405374417430721
pro_max,319,0.3046875,0.0008144128150888719
pro_max,320,0.265625,0.0007689361300435849
pro_max,321,0.3125,0.0008087040114332922
pro_max,322,0.34375,0.0008216088317567483
pro_max,323,0.1640625,0.0006914482873980887
pro_max,324,0.26171875,0.0008944335131673142
pro_max,325,0.33203125,0.0008514315995853394
pro_max,326,0.23828125,0.0008357012629858218
pro_max,327,0.2265625,0.0008000958187039942
pro_max,328,0.26171875,0.0007762331224512309
pro_max,329,0.234375,0.0007334477922995575
pro_max,330,0.2734375,0.0008255663269665092
pro_max,331,0.19140625,0.0007689161138841882
pro_max,332,0.24609375,0.0007662755233468488
pro_max,333,0.3046875,0.0008698138844920322
pro_max,334,0.4296875,0.0006969634669076186
pro_max,335,0.26171875,0.0006928047369001433
pro_max,336,0.3203125,0.0008276528096757829
pro_max,337,0.265625,0.0008643117544124834
pro_max,338,0.1875,0.0008581318688811734
pro_max,339,0.125,0.000737825503165368
pro_max,340,0.29296875,0.0007614768546773121
pro_max,341,0.296875,0.0009083946642931551
pro_max,342,0.26953125,0.0006969843270780984
pro_max,343,0.28125,0.0007896203533164226
pro_max,344,0.34765625,0.0007467600080417469
pro_max,345,0.265625,0.0007412054692395031
pro_max,346,0.28125,0.0007746474111627322
pro_max,347,0.28515625,0.000728654362319503
pro_max,348,0.23046875,0.0008060421314439736
pro_max,349,0.24609375,0.0008435445997747593
pro_max,350,0.19140625,0.0008060071922955103
pro_max,351,0.25390625,0.0008267194498330355
pro_max,352,0.203125,0.0008175157126970589
pro_max,353,0.21875,0.000788528828707058
pro_max,354,0.27734375,0.0008993101000669412
pro_max,355,0.30859375,0.0007682661816943437
pro_max,356,0.3046875,0.0007695268286624923
pro_max,357,0.296875,0.0007904915109975263
pro_max,358,0.25,0.0006746597391611431
pro_max,359,0.15234375,0.0007260994607349858
pro_max,360,0.3203125,0.0007688821715419181
pro_max,361,0.32421875,0.000689111835527001
pro_max,362,0.1796875,0.0007850348483771086
pro_max,363,0.26953125,0.0007751819939585403
pro_max,364,0.33984375,0.0008262353148893453
pro_max,365,0.18359375,0.000718690782377962
pro_max,366,0.4453125,0.0006705916166538373
pro_max,367,0.26953125,0.0007453295620507561
pro_max,368,0.29296875,0.0006528652738779783
pro_max,369,0.296875,0.0006649790666415356
pro_max,370,0.3203125,0.0007580550736747682
pro_max,371,0.25,0.0007890565029811114
pro_max,372,0.2421875,0.0007960495931911282
pro_max,373,0.32421875,0.0007385152093775105
pro_max,374,0.171875,0.0007701577633270063
pro_max,375,0.2421875,0.0008109813352348283
pro_max,376,0.21484375,0.000817923282738775
pro_max,377,0.18359375,0.0006818995389039628
pro_max,378,0.1328125,0.0008660515450173989
pro_max,379,0.21484375,0.00068860470855725
pro_max,380,0.1953125,0.0006955120916245505
pro_max,381,0.26171875,0.0006784786964999512
pro_max,382,0.22265625,0.0007776458587613888
pro_max,383,0.30859375,0.000764580585382646
pro_max,384,0.31640625,0.0008418665602221154
pro_max,385,0.3046875,0.0006955542339710519
pro_max,386,0.25390625,0.0007028929394437
pro_max,387,0.17578125,0.0007398927991744131
pro_max,388,0.3203125,0.0007172153855208308
pro_max,389,0.22265625,0.0007662867355975322
pro_max,390,0.3203125,0.0007837328557798173
pro_max,391,0.13671875,0.0007732164303888567
pro_max,392,0.359375,0.0008623964167782106
pro_max,393,0.21484375,0.0007855104995542206
pro_max,394,0.3515625,0.0006690768932458013
pro_max,395,0.34765625,0.0007275261596078053
pro_max,396,0.27734375,0.0006692044116789475
pro_max,397,0.265625,0.0008321611094288528
pro_max,398,0.25,0.0007910111162345856
pro_max,399,0.32421875,0.0006090308233979158
pro_max,400,0.34765625,0.0007563454200862907
pro_max,401,0.23828125,0.0008513938882970251
pro_max,402,0.28125,0.000834339349239599
pro_max,403,0.3046875,0.0008023752670851536
pro_max,404,0.3125,0.0007586046413052827
pro_max,405,0.2890625,0.0007022581703495234
pro_max,406,0.28125,0.0006597808242077008
pro_max,407,0.18359375,0.0008580244539189152
pro_max,408,0.2890625,0.0008060004620347172
pro_max,409,0.32421875,0.0007140582674765028
pro_max,410,0.328125,0.0008045939830481075
pro_max,411,0.30078125,0.0007322504679905251
pro_max,412,0.33203125,0.000802598846348701
pro_max,413,0.22265625,0.000729455983673688
pro_max,414,0.328125,0.0007581927748105954
pro_max,415,0.31640625,0.0008357534679817036
pro_max,416,0.359375,0.0008882626716513187
pro_max,417,0.37109375,0.0006954662967473269
pro_max,418,0.34765625,0.0008169483335223049
pro_max,419,0.2265625,0.0007735584331385326
pro_max,420,0.359375,0.0008657477446831763
pro_max,421,0.265625,0.0008124050073092803
pro_max,422,0.30859375,0.0009064868136192672
pro_max,423,0.27734375,0.0007095722176018171
pro_max,424,0.23046875,0.000801795868028421
pro_max,425,0.33203125,0.0007179504827945493
pro_max,426,0.34765625,0.0007660891278646886
pro_max,427,0.2421875,0.0008246698780567385
pro_max,428,0.2890625,0.0008664804408908822
pro_max,429,0.2734375,0.0008481700642732903
pro_max,430,0.359375,0.0006961812214285601
pro_max,431,0.2265625,0.0007957613852340728
pro_max,432,0.37109375,0.0008436339812760707
pro_max,433,0.1484375,0.0007090049257385544
pro_max,434,0.28125,0.0007636318696313538
pro_max,435,0.32421875,0.0007620233736815862
pro_max,436,0.34375,0.0008570189820602536
pro_max,437,0.3359375,0.0008292821585200727
pro_max,438,0.27734375,0.0007898685726104304
pro_max,439,0.3828125,0.0006767527447664179
pro_max,440,0.3046875,0.0008173929818440229
pro_max,441,0.375,0.0007675728556932881
pro_max,442,0.21875,0.0008448811349808238
pro_max,443,0.203125,0.0008969905684352852
pro_max,444,0.2421875,0.0007878919641370885
pro_max,445,0.33203125,0.0008101735584205016
pro_max,446,0.359375,0.0008004812480066903
pro_max,447,0.2890625,0.0007559537989436649
pro_max,448,0.30078125,0.0007323286263272166
pro_max,449,0.39453125,0.0007460866909241304
pro_max,450,0.30078125,0.0008288308599730954
pro_max,451,0.30859375,0.000780663758632727
pro_max,452,0.296875,0.0007320596487261355
pro_max,453,0.359375,0.0008515576628269628
pro_max,454,0.31640625,0.0007935376816021744
pro_max,455,0.34765625,0.0007833182535250671
pro_max,456,0.3046875,0.0007487356197088957
pro_max,457,0.1640625,0.0007339724979829043
pro_max,458,0.16796875,0.0007762699024169706
pro_max,459,0.3359375,0.0007569413355668075
pro_max,460,0.32421875,0.0007355264606303535
pro_max,461,0.34765625,0.0007876777162891813
pro_max,462,0.31640625,0.0008407916538999416
pro_max,463,0.3125,0.0008153024500643369
pro_max,464,0.28125,0.0008200151933124289
pro_max,465,0.22265625,0.0008039399908739142
pro_max,466,0.17578125,0.0007404275638691615
pro_max,467,0.22265625,0.000834468359244056
pro_max,468,0.35546875,0.0009076127680600621
pro_max,469,0.25,0.0008788897102931514
pro_max,470,0.203125,0.0008966056193457916
pro_max,471,0.296875,0.0007068464910844341
pro_max,472,0.2734375,0.0007586402061861008
pro_max,473,0.3359375,0.0006672164599876851
pro_max,474,0.26953125,0.0007388702542812098
pro_max,475,0.359375,0.0007885797022026964
pro_max,476,0.39453125,0.0008584207025705837
pro_max,477,0.34765625,0.0007928003979031928
pro_max,478,0.32421875,0.0007444962975569069
pro_max,479,0.3359375,0.0008017758809728548
pro_max,480,0.26953125,0.0007512941629101988
pro_max,481,0.25390625,0.0008745786035433412
pro_max,482,0.17578125,0.0008358385966857895
pro_max,483,0.328125,0.0007517960038967431
pro_max,484,0.34375,0.0008119026824715547
pro_max,485,0.34375,0.000927789144043345
pro_max,486,0.25,0.0006724052254867274
pro_max,487,0.2421875,0.0008390741277253255
pro_max,488,0.31640625,0.000891904543095734
pro_max,489,0.2265625,0.0008376712357858196
pro_max,490,0.29296875,0.000882899432326667
pro_max,491,0.29296875,0.0008034695129026659
pro_max,492,0.27734375,0.0007354716726695187
pro_max,493,0.328125,0.0007203387358458713
pro_max,494,0.2265625,0.0008066950031206943
pro_max,495,0.15234375,0.0006579815672012046
pro_max,496,0.2265625,0.0006851080252090469
pro_max,497,0.26171875,0.0009100691240746528
pro_max,498,0.24609375,0.0008493900968460366
pro_max,499,0.33984375,0.0007141394380596466
pro_max,500,0.359375,0.0008504463694407605
pro_max,501,0.28515625,0.0008627377246739343
pro_max,502,0.27734375,0.000811130776128266
pro_max,503,0.21875,0.0008841899325489067
pro_max,504,0.31640625,0.000680999641190283
pro_max,505,0.2265625,0.0008270939288195223
pro_max,506,0.32421875,0.0007325443948502652
pro_max,507,0.3359375,0.0007656395027879626
pro_max,508,0.33203125,0.000905559332750272
pro_max,509,0.1796875,0.0007542878229287453
pro_max,510,0.265625,0.0008378173370147124
pro_max,511,0.28515625,0.0008426641361438669
pro_max,512,0.25390625,0.0008321792338392697
pro_max,513,0.21484375,0.0008393276366405189
pro_max,514,0.28125,0.0007369151499005966
pro_max,515,0.359375,0.0007449963959516026
pro_max,516,0.30859375,0.0008134895979310386
pro_max,517,0.21875,0.00080563806113787
pro_max,518,0.30078125,0.0007724126116954722
pro_max,519,0.3046875,0.0008179904543794692
pro_max,520,0.27734375,0.0006992717098910362
pro_max,521,0.25,0.00073452532524243
pro_max,522,0.40625,0.0007555859992862679
pro_max,523,0.265625,0.0008430496964138001
pro_max,524,0.31640625,0.0007833221825421788
pro_max,525,0.32421875,0.0007001074409345165
pro_max,526,0.30078125,0.0008857539141899906
pro_max,527,0.203125,0.0009242818923667073
pro_max,528,0.2890625,0.0006784006036468782
pro_max,529,0.33203125,0.00081847208639374
pro_max,530,0.26171875,0.0008006825155462138
pro_max,531,0.3203125,0.0008240582392318174
pro_max,532,0.203125,0.0008392725067096762
pro_max,533,0.3359375,0.0008656655409140512
pro_max,534,0.24609375,0.0006961589278944302
pro_max,535,0.46484375,0.0007897742034401745
pro_max,536,0.265625,0.0007660751434741542
pro_max,537,0.21875,0.0007085757606546395
pro_max,538,0.34375,0.0008615726037533022
pro_max,539,0.32421875,0.000776227141614072
pro_max,540,0.3125,0.0007815327844582498
pro_max,541,0.32421875,0.0007709348574280739
pro_max,542,0.25390625,0.0008153125891112722
pro_max,543,0.3046875,0.0009029451393871568
pro_max,544,0.32421875,0.0007893897709436715
