update,reward,wall_time
1,-0.4921875,1790328751.5221636
2,-0.498046875,1790328791.868577
3,-0.44140625,1790328832.4775934
4,-0.474609375,1790328872.947322
5,-0.41015625,1790328914.5143576
6,-0.26171875,1790328954.476459
7,-0.380859375,1790328995.7302847
8,-0.166015625,1790329037.0736003
9,-0.30859375,1790329078.1243587
10,-0.2265625,1790329119.4875162
11,-0.021484375,1790329162.3067832
12,-0.1015625,1790329204.3573256
13,-0.220703125,1790329246.6606438
14,-0.279296875,1790329288.2649212
15,-0.201171875,1790329329.0315013
16,-0.126953125,1790329371.2841783
17,-0.06640625,1790329412.5727015
18,-0.091796875,1790329453.0836582
19,0.12890625,1790329494.8316884
20,-0.056640625,1790329535.5951362
21,-0.13671875,1790329576.02285
22,0.0078125,1790329616.5990403
23,-0.017578125,1790329657.5365958
24,0.07421875,1790329697.2877781
25,0.01171875,1790329737.2817328
26,0.142578125,1790329777.3650331
27,0.005859375,1790329816.312217
28,-0.00390625,1790329858.1492302
29,-0.078125,1790329898.9683976
30,-0.05078125,1790329940.6765666
31,0.0703125,1790329980.173465
32,0.087890625,1790330020.226793
33,0.08984375,1790330060.3733296
34,0.048828125,1790330098.9987316
35,0.05859375,1790330139.6888247
36,0.142578125,1790330180.1059892
37,0.109375,1790330219.2910135
38,0.08203125,1790330258.8720615
39,0.052734375,1790330302.1555197
40,0.1171875,1790330342.7620385
41,0.15625,1790330382.2141356
42,0.044921875,1790330421.5890512
43,0.130859375,1790330461.418204
44,0.072265625,1790330502.3383975
45,-0.06640625,1790330546.1121154
46,0.029296875,1790330586.7775352
47,0.09375,1790330629.1247153
48,0.03125,1790330667.6072533
49,0.08984375,1790330706.1641088
50,0.017578125,1790330747.0392551
51,0.115234375,1790330788.2824547
52,0.1875,1790330827.9823573
53,-0.001953125,1790330871.3812575
54,0.111328125,1790330910.8976386
55,0.1328125,1790330950.0827484
56,0.15625,1790330991.1230972
57,0.126953125,1790331030.4609094
58,0.052734375,1790331070.3669217
59,0.162109375,1790331109.995955
60,0.06640625,1790331150.828198
61,0.07421875,1790331191.8660066
62,0.099609375,1790331232.998289
63,-0.00390625,1790331275.1712065
64,0.322265625,1790331315.2758412
65,-0.01953125,1790331359.0980177
66,0.248046875,1790331399.256475
67,0.06640625,1790331439.7543364
68,0.08203125,1790331479.737029
69,0.173828125,1790331520.4569378
70,-0.017578125,1790331561.889182
71,0.22265625,1790331603.1655543
72,0.15234375,1790331644.4020135
73,0.19921875,1790331682.9485586
74,0.177734375,1790331723.104049
75,0.130859375,1790331762.9039397
76,-0.1484375,1790331804.128062
77,0.23828125,1790331846.069051
78,0.296875,1790331887.9122605
79,-0.119140625,1790331927.9896228
80,0.234375,1790331967.2750833
81,0.0,1790332007.9555411
82,-0.12890625,1790332048.3940675
83,0.05859375,1790332089.0093002
84,0.18359375,1790332131.1143012
85,0.1328125,1790332170.2148843
86,-0.111328125,1790332212.8712106
87,-0.11328125,1790332254.3373039
88,0.009765625,1790332294.1151428
89,0.00390625,1790332335.7417138
90,0.154296875,1790332375.1177127
91,0.08203125,1790332416.6089373
92,0.158203125,1790332456.3601196
93,0.263671875,1790332491.1095755
94,0.044921875,1790332533.0226233
95,0.171875,1790332574.4609437
96,0.09375,1790332615.3385978
97,0.0390625,1790332655.4428024
98,0.044921875,1790332694.9875333
99,0.193359375,1790332735.5530546
100,0.263671875,1790332776.3891983
