arm,step,reward,trailing_20_mean
baseline,1,-0.580078125,-0.580078125
baseline,2,-0.439453125,-0.509765625
baseline,3,-0.494140625,-0.5045572916666666
baseline,4,-0.451171875,-0.4912109375
baseline,5,-0.375,-0.46796875
baseline,6,-0.349609375,-0.4482421875
baseline,7,-0.263671875,-0.421875
baseline,8,-0.201171875,-0.394287109375
baseline,9,-0.3984375,-0.3947482638888889
baseline,10,-0.349609375,-0.390234375
baseline,11,-0.2109375,-0.3739346590909091
baseline,12,-0.33984375,-0.37109375
baseline,13,-0.296875,-0.36538461538461536
baseline,14,-0.20703125,-0.3540736607142857
baseline,15,-0.21484375,-0.34479166666666666
baseline,16,-0.1015625,-0.32958984375
baseline,17,-0.0078125,-0.31066176470588236
baseline,18,0.09375,-0.2881944444444444
baseline,19,0.001953125,-0.2729235197368421
baseline,20,-0.125,-0.26552734375
baseline,21,-0.013671875,-0.23720703125
baseline,22,-0.15625,-0.223046875
baseline,23,-0.203125,-0.20849609375
baseline,24,0.0,-0.1859375
baseline,25,0.201171875,-0.15712890625
baseline,26,0.025390625,-0.13837890625
baseline,27,-0.015625,-0.1259765625
baseline,28,0.134765625,-0.1091796875
baseline,29,0.068359375,-0.08583984375
baseline,30,0.041015625,-0.06630859375
baseline,31,0.20703125,-0.04541015625
baseline,32,-0.060546875,-0.0314453125
baseline,33,-0.05078125,-0.019140625
baseline,34,-0.080078125,-0.01279296875
baseline,35,-0.001953125,-0.0021484375
baseline,36,0.08203125,0.00703125
baseline,37,0.134765625,0.01416015625
baseline,38,0.125,0.01572265625
baseline,39,0.001953125,0.01572265625
baseline,40,0.048828125,0.0244140625
baseline,41,-0.052734375,0.0224609375
baseline,42,0.025390625,0.03154296875
baseline,43,0.01171875,0.04228515625
baseline,44,-0.013671875,0.0416015625
baseline,45,0.064453125,0.034765625
baseline,46,0.091796875,0.0380859375
baseline,47,0.091796875,0.04345703125
baseline,48,-0.017578125,0.03583984375
baseline,49,0.03125,0.033984375
baseline,50,0.0859375,0.03623046875
baseline,51,-0.04296875,0.02373046875
baseline,52,-0.123046875,0.02060546875
baseline,53,0.15625,0.03095703125
baseline,54,-0.103515625,0.02978515625
baseline,55,-0.03515625,0.028125
baseline,56,-0.087890625,0.01962890625
baseline,57,-0.033203125,0.01123046875
baseline,58,0.06640625,0.00830078125
baseline,59,0.16015625,0.0162109375
baseline,60,0.0703125,0.01728515625
baseline,61,-0.080078125,0.01591796875
baseline,62,0.2421875,0.0267578125
baseline,63,0.1640625,0.034375
baseline,64,0.224609375,0.0462890625
baseline,65,0.306640625,0.0583984375
baseline,66,0.09375,0.05849609375
baseline,67,0.080078125,0.05791015625
baseline,68,0.0859375,0.0630859375
baseline,69,-0.06640625,0.058203125
baseline,70,-0.048828125,0.05146484375
baseline,71,0.234375,0.06533203125
baseline,72,-0.07421875,0.0677734375
baseline,73,0.181640625,0.06904296875
baseline,74,0.095703125,0.07900390625
baseline,75,-0.0546875,0.07802734375
baseline,76,0.05859375,0.0853515625
baseline,77,0.087890625,0.09140625
baseline,78,0.23046875,0.099609375
baseline,79,0.08203125,0.095703125
baseline,80,0.2109375,0.102734375
baseline,81,0.083984375,0.1109375
baseline,82,-0.072265625,0.09521484375
baseline,83,0.11328125,0.09267578125
baseline,84,0.0390625,0.0833984375
baseline,85,-0.150390625,0.060546875
baseline,86,0.1328125,0.0625
baseline,87,-0.01171875,0.05791015625
baseline,88,0.298828125,0.0685546875
baseline,89,0.064453125,0.07509765625
baseline,90,0.015625,0.0783203125
baseline,91,0.123046875,0.07275390625
baseline,92,0.1015625,0.08154296875
baseline,93,0.046875,0.0748046875
baseline,94,0.052734375,0.07265625
baseline,95,0.169921875,0.08388671875
baseline,96,0.015625,0.08173828125
baseline,97,0.16015625,0.0853515625
baseline,98,0.095703125,0.07861328125
baseline,99,0.169921875,0.0830078125
baseline,100,0.130859375,0.07900390625
baseline,101,0.08984375,0.079296875
baseline,102,0.146484375,0.090234375
baseline,103,0.09765625,0.089453125
baseline,104,0.0546875,0.090234375
baseline,105,0.22265625,0.10888671875
baseline,106,-0.04296875,0.10009765625
baseline,107,0.33203125,0.11728515625
baseline,108,0.099609375,0.10732421875
baseline,109,0.09375,0.1087890625
baseline,110,-0.0390625,0.1060546875
baseline,111,0.138671875,0.1068359375
baseline,112,0.142578125,0.10888671875
baseline,113,0.3515625,0.12412109375
baseline,114,0.009765625,0.12197265625
baseline,115,0.177734375,0.12236328125
baseline,116,0.193359375,0.13125
baseline,117,0.1640625,0.1314453125
baseline,118,0.080078125,0.1306640625
baseline,119,-0.013671875,0.121484375
baseline,120,-0.009765625,0.114453125
baseline,121,0.1015625,0.1150390625
baseline,122,0.119140625,0.113671875
baseline,123,0.103515625,0.11396484375
baseline,124,0.25,0.12373046875
baseline,125,0.171875,0.12119140625
baseline,126,0.140625,0.13037109375
baseline,127,-0.08984375,0.10927734375
baseline,128,-0.1328125,0.09765625
baseline,129,0.341796875,0.11005859375
baseline,130,0.25,0.12451171875
baseline,131,0.2265625,0.12890625
baseline,132,0.140625,0.12880859375
baseline,133,0.046875,0.11357421875
baseline,134,0.111328125,0.11865234375
baseline,135,0.0234375,0.1109375
baseline,136,0.03125,0.10283203125
baseline,137,0.1015625,0.09970703125
baseline,138,-0.064453125,0.09248046875
baseline,139,0.134765625,0.09990234375
baseline,140,0.234375,0.112109375
baseline,141,0.201171875,0.11708984375
baseline,142,0.140625,0.1181640625
baseline,143,0.203125,0.12314453125
baseline,144,-0.1015625,0.10556640625
baseline,145,-0.06640625,0.09365234375
baseline,146,-0.06640625,0.08330078125
baseline,147,0.09765625,0.09267578125
baseline,148,0.142578125,0.1064453125
baseline,149,0.046875,0.09169921875
baseline,150,0.06640625,0.08251953125
baseline,151,0.0703125,0.07470703125
baseline,152,-0.01953125,0.06669921875
baseline,153,0.236328125,0.076171875
baseline,154,0.20703125,0.08095703125
baseline,155,-0.076171875,0.0759765625
baseline,156,-0.109375,0.0689453125
baseline,157,0.185546875,0.07314453125
baseline,158,0.263671875,0.08955078125
baseline,159,0.15625,0.090625
baseline,160,-0.025390625,0.07763671875
baseline,161,0.388671875,0.08701171875
baseline,162,0.33984375,0.09697265625
baseline,163,0.23046875,0.09833984375
baseline,164,0.07421875,0.10712890625
baseline,165,-0.041015625,0.1083984375
baseline,166,0.169921875,0.12021484375
baseline,167,0.0546875,0.11806640625
baseline,168,0.2578125,0.123828125
baseline,169,0.259765625,0.13447265625
baseline,170,-0.0390625,0.12919921875
baseline,171,-0.00390625,0.12548828125
baseline,172,0.11328125,0.13212890625
baseline,173,-0.005859375,0.12001953125
baseline,174,-0.08203125,0.10556640625
baseline,175,0.16015625,0.1173828125
baseline,176,0.001953125,0.12294921875
baseline,177,0.19140625,0.1232421875
baseline,178,0.205078125,0.1203125
baseline,179,0.15234375,0.1201171875
baseline,180,0.279296875,0.1353515625
baseline,181,-0.048828125,0.1134765625
baseline,182,0.21875,0.107421875
baseline,183,0.044921875,0.09814453125
baseline,184,0.001953125,0.09453125
baseline,185,0.2109375,0.10712890625
baseline,186,0.017578125,0.09951171875
baseline,187,0.2109375,0.10732421875
baseline,188,0.345703125,0.11171875
baseline,189,0.294921875,0.1134765625
baseline,190,0.11328125,0.12109375
baseline,191,0.1640625,0.1294921875
baseline,192,0.0859375,0.128125
baseline,193,-0.005859375,0.128125
baseline,194,0.30859375,0.14765625
baseline,195,0.30078125,0.1546875
baseline,196,-0.029296875,0.153125
baseline,197,0.216796875,0.15439453125
baseline,198,-0.0078125,0.14375
baseline,199,-0.009765625,0.13564453125
baseline,200,-0.052734375,0.11904296875
pro_only,1,-0.26953125,-0.26953125
pro_only,2,-0.462890625,-0.3662109375
pro_only,3,-0.388671875,-0.3736979166666667
pro_only,4,-0.400390625,-0.38037109375
pro_only,5,-0.427734375,-0.38984375
pro_only,6,-0.384765625,-0.3889973958333333
pro_only,7,-0.419921875,-0.39341517857142855
pro_only,8,-0.330078125,-0.385498046875
pro_only,9,-0.181640625,-0.3628472222222222
pro_only,10,-0.142578125,-0.3408203125
pro_only,11,-0.265625,-0.333984375
pro_only,12,-0.134765625,-0.3173828125
pro_only,13,-0.23828125,-0.3112980769230769
pro_only,14,-0.25,-0.30691964285714285
pro_only,15,-0.142578125,-0.29596354166666666
pro_only,16,-0.166015625,-0.287841796875
pro_only,17,-0.0703125,-0.2750459558823529
pro_only,18,-0.26171875,-0.2743055555555556
pro_only,19,-0.09765625,-0.2650082236842105
pro_only,20,-0.119140625,-0.25771484375
pro_only,21,-0.078125,-0.24814453125
pro_only,22,0.1796875,-0.216015625
pro_only,23,-0.1875,-0.20595703125
pro_only,24,0.126953125,-0.17958984375
pro_only,25,0.10546875,-0.1529296875
pro_only,26,-0.0078125,-0.13408203125
pro_only,27,0.037109375,-0.11123046875
pro_only,28,-0.0234375,-0.0958984375
pro_only,29,0.056640625,-0.083984375
pro_only,30,0.119140625,-0.0708984375
pro_only,31,-0.05078125,-0.06015625
pro_only,32,0.119140625,-0.0474609375
pro_only,33,-0.048828125,-0.03798828125
pro_only,34,-0.017578125,-0.0263671875
pro_only,35,-0.01171875,-0.01982421875
pro_only,36,-0.169921875,-0.02001953125
pro_only,37,0.064453125,-0.01328125
pro_only,38,-0.166015625,-0.00849609375
pro_only,39,-0.056640625,-0.0064453125
pro_only,40,0.08203125,0.00361328125
pro_only,41,0.048828125,0.0099609375
pro_only,42,-0.177734375,-0.00791015625
pro_only,43,-0.013671875,0.00078125
pro_only,44,0.0,-0.00556640625
pro_only,45,-0.013671875,-0.0115234375
pro_only,46,0.119140625,-0.00517578125
pro_only,47,-0.00390625,-0.0072265625
pro_only,48,0.083984375,-0.00185546875
pro_only,49,-0.00390625,-0.0048828125
pro_only,50,0.052734375,-0.008203125
pro_only,51,0.224609375,0.00556640625
pro_only,52,0.2265625,0.0109375
pro_only,53,0.109375,0.01884765625
pro_only,54,0.052734375,0.02236328125
pro_only,55,0.11328125,0.02861328125
pro_only,56,0.171875,0.045703125
pro_only,57,0.04296875,0.04462890625
pro_only,58,0.0703125,0.0564453125
pro_only,59,0.080078125,0.06328125
pro_only,60,-0.115234375,0.05341796875
pro_only,61,-0.12890625,0.04453125
pro_only,62,0.0546875,0.05615234375
pro_only,63,-0.060546875,0.05380859375
pro_only,64,-0.0859375,0.04951171875
pro_only,65,0.150390625,0.05771484375
pro_only,66,-0.005859375,0.05146484375
pro_only,67,0.072265625,0.0552734375
pro_only,68,0.30078125,0.06611328125
pro_only,69,-0.05078125,0.06376953125
pro_only,70,0.017578125,0.06201171875
pro_only,71,0.0390625,0.052734375
pro_only,72,-0.060546875,0.03837890625
pro_only,73,-0.10546875,0.02763671875
pro_only,74,-0.166015625,0.01669921875
pro_only,75,0.328125,0.02744140625
pro_only,76,0.259765625,0.0318359375
pro_only,77,0.189453125,0.03916015625
pro_only,78,0.11328125,0.04130859375
pro_only,79,0.150390625,0.04482421875
pro_only,80,0.099609375,0.05556640625
pro_only,81,-0.0859375,0.05771484375
pro_only,82,0.287109375,0.0693359375
pro_only,83,0.326171875,0.088671875
pro_only,84,0.017578125,0.09384765625
pro_only,85,0.064453125,0.08955078125
pro_only,86,0.173828125,0.09853515625
pro_only,87,-0.0390625,0.09296875
pro_only,88,0.0859375,0.0822265625
pro_only,89,0.013671875,0.08544921875
pro_only,90,0.0625,0.0876953125
pro_only,91,0.20703125,0.09609375
pro_only,92,0.095703125,0.10390625
pro_only,93,0.169921875,0.11767578125
pro_only,94,0.0546875,0.1287109375
pro_only,95,0.16015625,0.1203125
pro_only,96,0.203125,0.11748046875
pro_only,97,0.234375,0.1197265625
pro_only,98,0.212890625,0.12470703125
pro_only,99,0.0234375,0.118359375
pro_only,100,0.001953125,0.1134765625
pro_only,101,-0.111328125,0.11220703125
pro_only,102,0.14453125,0.105078125
pro_only,103,0.154296875,0.096484375
pro_only,104,-0.072265625,0.0919921875
pro_only,105,0.05078125,0.09130859375
pro_only,106,0.1171875,0.0884765625
pro_only,107,0.15625,0.0982421875
pro_only,108,0.248046875,0.10634765625
pro_only,109,0.150390625,0.11318359375
pro_only,110,0.142578125,0.1171875
pro_only,111,-0.046875,0.1044921875
pro_only,112,0.318359375,0.115625
pro_only,113,0.12890625,0.11357421875
pro_only,114,-0.1875,0.10146484375
pro_only,115,0.02734375,0.09482421875
pro_only,116,-0.025390625,0.0833984375
pro_only,117,0.12890625,0.078125
pro_only,118,0.255859375,0.0802734375
pro_only,119,0.1796875,0.0880859375
pro_only,120,-0.0546875,0.08525390625
pro_only,121,-0.009765625,0.09033203125
pro_only,122,-0.033203125,0.0814453125
pro_only,123,0.076171875,0.0775390625
pro_only,124,0.00390625,0.08134765625
pro_only,125,-0.099609375,0.073828125
pro_only,126,0.12890625,0.0744140625
pro_only,127,-0.00390625,0.06640625
pro_only,128,0.12890625,0.06044921875
pro_only,129,0.103515625,0.05810546875
pro_only,130,-0.037109375,0.04912109375
pro_only,131,-0.005859375,0.051171875
pro_only,132,0.14453125,0.04248046875
pro_only,133,0.015625,0.03681640625
pro_only,134,0.216796875,0.05703125
pro_only,135,0.048828125,0.05810546875
pro_only,136,0.287109375,0.07373046875
pro_only,137,0.03515625,0.06904296875
pro_only,138,0.1171875,0.062109375
pro_only,139,0.07421875,0.0568359375
pro_only,140,0.1171875,0.0654296875
pro_only,141,0.2109375,0.07646484375
pro_only,142,0.291015625,0.09267578125
pro_only,143,0.068359375,0.09228515625
pro_only,144,0.087890625,0.096484375
pro_only,145,0.087890625,0.105859375
pro_only,146,0.064453125,0.10263671875
pro_only,147,0.109375,0.10830078125
pro_only,148,-0.0625,0.09873046875
pro_only,149,0.005859375,0.09384765625
pro_only,150,-0.029296875,0.09423828125
pro_only,151,0.185546875,0.10380859375
pro_only,152,0.046875,0.09892578125
pro_only,153,0.03515625,0.09990234375
pro_only,154,0.13671875,0.0958984375
pro_only,155,-0.134765625,0.08671875
pro_only,156,0.25,0.08486328125
pro_only,157,0.05859375,0.08603515625
pro_only,158,0.005859375,0.08046875
pro_only,159,0.142578125,0.08388671875
pro_only,160,0.08984375,0.08251953125
pro_only,161,0.28515625,0.08623046875
pro_only,162,0.185546875,0.08095703125
pro_only,163,0.181640625,0.08662109375
pro_only,164,0.12109375,0.08828125
pro_only,165,0.220703125,0.094921875
pro_only,166,0.150390625,0.09921875
pro_only,167,-0.119140625,0.08779296875
pro_only,168,0.279296875,0.1048828125
pro_only,169,-0.02734375,0.10322265625
pro_only,170,0.00390625,0.1048828125
pro_only,171,0.18359375,0.10478515625
pro_only,172,0.09375,0.10712890625
pro_only,173,0.279296875,0.1193359375
pro_only,174,0.216796875,0.12333984375
pro_only,175,0.224609375,0.14130859375
pro_only,176,0.0,0.12880859375
pro_only,177,0.2578125,0.13876953125
pro_only,178,0.0703125,0.1419921875
pro_only,179,0.298828125,0.1498046875
pro_only,180,0.201171875,0.15537109375
pro_only,181,0.224609375,0.15234375
pro_only,182,0.236328125,0.1548828125
pro_only,183,0.150390625,0.1533203125
pro_only,184,0.03125,0.148828125
pro_only,185,-0.08203125,0.13369140625
pro_only,186,0.0703125,0.1296875
pro_only,187,0.140625,0.14267578125
pro_only,188,0.037109375,0.13056640625
pro_only,189,0.30078125,0.14697265625
pro_only,190,0.14453125,0.15400390625
pro_only,191,0.05078125,0.14736328125
pro_only,192,0.283203125,0.1568359375
pro_only,193,0.330078125,0.159375
pro_only,194,0.16796875,0.15693359375
pro_only,195,0.21484375,0.1564453125
pro_only,196,-0.0234375,0.1552734375
pro_only,197,0.2109375,0.1529296875
pro_only,198,0.125,0.1556640625
pro_only,199,0.009765625,0.1412109375
pro_only,200,0.18359375,0.14033203125
max_only,1,-0.482421875,-0.482421875
max_only,2,-0.34765625,-0.4150390625
max_only,3,-0.474609375,-0.4348958333333333
max_only,4,-0.447265625,-0.43798828125
max_only,5,-0.373046875,-0.425
max_only,6,-0.431640625,-0.4261067708333333
max_only,7,-0.380859375,-0.41964285714285715
max_only,8,-0.34765625,-0.41064453125
max_only,9,-0.466796875,-0.4168836805555556
max_only,10,-0.30078125,-0.4052734375
max_only,11,-0.21875,-0.38831676136363635
max_only,12,-0.0546875,-0.3605143229166667
max_only,13,-0.1875,-0.34720552884615385
max_only,14,-0.279296875,-0.3423549107142857
max_only,15,-0.08203125,-0.325
max_only,16,-0.2109375,-0.31787109375
max_only,17,-0.0546875,-0.3023897058823529
max_only,18,-0.013671875,-0.2863498263888889
max_only,19,-0.22265625,-0.28299753289473684
max_only,20,-0.080078125,-0.2728515625
max_only,21,-0.083984375,-0.2529296875
max_only,22,-0.025390625,-0.23681640625
max_only,23,-0.05078125,-0.215625
max_only,24,-0.083984375,-0.1974609375
max_only,25,-0.12109375,-0.18486328125
max_only,26,-0.09375,-0.16796875
max_only,27,0.09765625,-0.14404296875
max_only,28,0.009765625,-0.126171875
max_only,29,0.0703125,-0.09931640625
max_only,30,0.142578125,-0.0771484375
max_only,31,-0.0390625,-0.0681640625
max_only,32,-0.181640625,-0.07451171875
max_only,33,0.00390625,-0.06494140625
max_only,34,0.0390625,-0.0490234375
max_only,35,-0.06640625,-0.0482421875
max_only,36,-0.04296875,-0.03984375
max_only,37,-0.0859375,-0.04140625
max_only,38,0.009765625,-0.040234375
max_only,39,0.267578125,-0.01572265625
max_only,40,-0.06640625,-0.0150390625
max_only,41,-0.0234375,-0.01201171875
max_only,42,0.00390625,-0.010546875
max_only,43,-0.0234375,-0.0091796875
max_only,44,0.0234375,-0.00380859375
max_only,45,0.220703125,0.01328125
max_only,46,-0.05078125,0.0154296875
max_only,47,-0.1328125,0.00390625
max_only,48,0.212890625,0.0140625
max_only,49,-0.078125,0.006640625
max_only,50,0.103515625,0.0046875
max_only,51,0.029296875,0.00810546875
max_only,52,0.01953125,0.0181640625
max_only,53,0.01953125,0.0189453125
max_only,54,0.248046875,0.02939453125
max_only,55,0.130859375,0.0392578125
max_only,56,0.16015625,0.0494140625
max_only,57,0.080078125,0.05771484375
max_only,58,0.0234375,0.0583984375
max_only,59,0.029296875,0.046484375
max_only,60,0.162109375,0.05791015625
max_only,61,-0.087890625,0.0546875
max_only,62,0.033203125,0.05615234375
max_only,63,0.115234375,0.0630859375
max_only,64,-0.03125,0.0603515625
max_only,65,0.14453125,0.05654296875
max_only,66,0.029296875,0.060546875
max_only,67,-0.015625,0.06640625
max_only,68,0.19140625,0.06533203125
max_only,69,0.08203125,0.07333984375
max_only,70,0.05078125,0.070703125
max_only,71,0.0859375,0.07353515625
max_only,72,0.072265625,0.076171875
max_only,73,0.09375,0.0798828125
max_only,74,0.04296875,0.06962890625
max_only,75,0.06640625,0.06640625
max_only,76,-0.07421875,0.0546875
max_only,77,0.041015625,0.052734375
max_only,78,0.373046875,0.07021484375
max_only,79,0.158203125,0.07666015625
max_only,80,0.158203125,0.07646484375
max_only,81,-0.025390625,0.07958984375
max_only,82,0.0234375,0.0791015625
max_only,83,0.03515625,0.07509765625
max_only,84,0.154296875,0.084375
max_only,85,0.08203125,0.08125
max_only,86,0.15625,0.08759765625
max_only,87,0.19140625,0.09794921875
max_only,88,0.28125,0.10244140625
max_only,89,0.08203125,0.10244140625
max_only,90,-0.072265625,0.0962890625
max_only,91,0.1171875,0.0978515625
