loss_call,rank_records,active_tokens,ppl_gap_current_rollout,ppl_gap_cached_rollout,prefix_acceptance,token_acceptance,retained_second_moment,unfiltered_second_moment,lower_reentry_second_moment
1,8,256002,0.0020644277246901765,0.0020644277246901765,0.999964844024656,0.9980664213560831,1.001119253951141,1.001119253951141,0.0
2,8,300453,0.0020169815979897976,0.0020169815979897976,0.9999367621558114,0.9978598982203539,1.000868148730833,1.000868148730833,0.0
3,8,296052,0.0014090712211327627,0.0014090712211327627,0.999939199870293,0.9979091510950779,1.0009196283507626,1.0009196283507626,0.0
4,8,278056,0.002275991559145041,0.002275991559145041,0.9999280720430417,0.998173029893259,1.0009349370045961,1.0009349370045961,0.0
5,8,271592,0.0011116283858427778,0.0011116283858427778,0.9999631800642139,0.9981111372941766,1.0013329032496354,1.0013329032496354,0.0
6,8,302514,0.001430104617611505,0.001430104617611505,0.9999603324143675,0.9982380980714942,1.0010655304899112,1.0010655304899112,0.0
7,8,282282,0.0019364474137546495,0.0019364474137546495,0.9999929148865319,0.9982606046435833,1.0010267948474398,1.0010267948474398,0.0
8,8,265841,0.0017343358049402013,0.0017343358049402013,0.9999623835300048,0.9977994365052795,1.0010054250590579,1.0010054250590579,0.0
9,8,299823,0.0018896835026680492,0.0018896835026680492,0.9999633116872289,0.9983857142380671,1.000762064201212,1.000762064201212,0.0
10,8,265009,0.001648260629735887,0.001648260629735887,0.9999811327162473,0.9981019512544856,1.0009798016293787,1.0009798016293787,0.0
11,8,292826,0.001890632076538168,0.001890632076538168,0.9999248700593526,0.9981217514838163,1.0010200970456857,1.0010200970456857,0.0
12,8,307025,0.001973657272174023,0.001973657272174023,0.9999837146812148,0.9981467307222539,1.001040390135168,1.001040390135168,0.0
13,8,271443,0.002174536894017365,0.002174536894017365,0.9999410557649304,0.9982906171829813,1.000884343409574,1.000884343409574,0.0
14,8,255908,0.0017105416773119941,0.0017105416773119941,0.9999804617284337,0.9981673101270769,1.0009996191868757,1.0009996191868757,0.0
15,8,296898,0.0015616829114151187,0.0015616829114151187,0.9999797910393469,0.9980430989767529,1.0014065752379606,1.0014065752379606,0.0
16,8,288667,0.0022002917539794,0.0022002917539794,0.9999653580076697,0.998160510207263,1.0009525871289409,1.0009525871289409,0.0
17,8,305043,0.0015168647296377458,0.0015168647296377458,0.999960661283819,0.9984395642581537,1.0008372410815851,1.0008372410815851,0.0
18,8,289248,0.0013845034263795242,0.0013845034263795242,0.9999792565549287,0.9983785540435889,1.0008668896370934,1.0008668896370934,0.0
19,8,320347,0.0011531346754054539,0.0011531346754054539,0.9999843919250063,0.9981488823057497,1.005093487979441,1.005093487979441,0.0
20,8,315854,0.0013336928459466435,0.0013336928459466435,0.999968339802567,0.9983979940098906,1.0010559108698165,1.0010559108698165,0.0
21,8,296543,0.0013492554498952813,0.0013492554498952813,0.999969650269944,0.9981857605810962,1.0008195217472677,1.0008195217472677,0.0
22,8,304986,0.0010256708628730848,0.0010256708628730848,0.9999967211609713,0.9982982825441168,1.000851896173103,1.000851896173103,0.0
23,8,305488,0.000922552717383951,0.000922552717383951,0.9999738123919761,0.998202875399361,1.0008748297805479,1.0008748297805479,0.0
24,8,251770,0.0012236751572345383,0.0012236751572345383,0.99996028120904,0.9987409143265679,1.0009070158279383,1.0009070158279383,0.0
25,8,245995,0.0009726041680551134,0.0009726041680551134,0.999939023150877,0.9987154210451432,1.0009471181451859,1.0009471181451859,0.0
26,8,298423,0.001574209687532857,0.001574209687532857,0.9999832452592461,0.9987668510805132,1.0008687725770131,1.0008687725770131,0.0
27,8,277191,0.0013522373992600478,0.0013522373992600478,0.9999891771377859,0.9987842318112782,1.000959225486668,1.000959225486668,0.0
28,8,275177,0.000990106382232625,0.000990106382232625,0.999992731950708,0.9986990191767481,1.0008143976990265,1.0008143976990265,0.0
29,8,244591,0.0009587033855495974,0.0009587033855495974,0.9999918230842508,0.9988102587584989,1.0006364339473857,1.0006364339473857,0.0
30,8,252650,0.000922346007428132,0.000922346007428132,0.9999960419552741,0.9986819711062735,1.000616558232733,1.000616558232733,0.0
31,8,289133,0.0007826994697097689,0.0007826994697097689,0.9999965413840689,0.9988759498224,1.000870861928161,1.000870861928161,0.0
32,8,284331,0.0009742096553964075,0.0009742096553964075,1.0,0.998660012450278,1.0007119027317632,1.0007119027317632,0.0
33,8,252871,0.0008746654930291697,0.0008746654930291697,1.0,0.9989085343910531,1.0008377774018176,1.0008377774018176,0.0
34,8,282316,0.0008438819422735833,0.0008438819422735833,1.0,0.9987531702064354,1.0007663384624852,1.0007663384624852,0.0
35,8,253243,0.0007851997943362221,0.0007851997943362221,1.0,0.9989022401408924,1.0005044060632968,1.0005044060632968,0.0
36,8,312760,0.0007376163557637483,0.0007376163557637483,0.9999968026601868,0.9987306560941297,1.0006301569594098,1.0006301569594098,0.0
37,8,247192,0.0008724056460778229,0.0008724056460778229,1.0,0.9987297323537978,1.00106950881678,1.00106950881678,0.0
38,8,260326,0.0007579848461318761,0.0007579848461318761,1.0,0.99869394528399,1.000773414271913,1.000773414271913,0.0
39,8,240154,0.0007719027853454463,0.0007719027853454463,0.99999583600523,0.998888213396404,1.0005434257158947,1.0005434257158947,0.0
40,8,270714,0.0009456956104259007,0.0009456956104259007,0.999996306064703,0.9984559350458417,1.0007501285951226,1.0007501285951226,0.0
41,8,272980,0.0007462420908268541,0.0007462420908268541,1.0,0.9988827020294527,1.0006671233355007,1.0006671233355007,0.0
42,8,245971,0.0008364864115719683,0.0008364864115719683,1.0,0.9986583784267251,1.0007921173253147,1.0007921173253147,0.0
43,8,287493,0.0007070305364322849,0.0007070305364322849,1.0,0.9989669313687638,1.000674602022919,1.000674602022919,0.0
44,8,294465,0.0007291822439583484,0.0007291822439583484,1.0,0.9989845991883586,1.0005908623478172,1.0005908623478172,0.0
45,8,264266,0.000727051476133056,0.000727051476133056,0.9999962159339454,0.9986717928148153,1.0006612359800353,1.0006612359800353,0.0
46,8,233696,0.0007426484226016328,0.0007426484226016328,1.0,0.9989516294673422,1.0004803833693132,1.0004803833693132,0.0
47,8,268430,0.0007636387090315111,0.0007636387090315111,1.0,0.9989568975151809,1.000642669294602,1.000642669294602,0.0
48,8,265885,0.000794175110058859,0.000794175110058859,1.0,0.9985708106888317,1.0007677889113245,1.0007677889113245,0.0
49,8,252671,0.0006981503320275806,0.0006981503320275806,1.0,0.9988839241543351,1.0006917499683383,1.0006917499683383,0.0
50,8,235467,0.0008683617852511816,0.0008683617852511816,1.0,0.9987641580348838,1.0008361666324261,1.0008361666324261,0.0
51,8,264616,0.0007879738332121633,0.0007879738332121633,1.0,0.9988851770112163,1.0007522287307362,1.0007522287307362,0.0
52,8,238999,0.0011636535491561517,0.0011636535491561517,0.9999958158820749,0.9988033422733986,1.0006788567891498,1.0006788567891498,0.0
53,8,239773,0.0008210805463022552,0.0008210805463022552,1.0,0.999003223882589,1.0006955960689903,1.0006955960689903,0.0
54,8,267827,0.0007572952963528223,0.0007572952963528223,1.0,0.998655848738178,1.000652699492116,1.000652699492116,0.0
55,8,233921,0.0008539798072888516,0.0008539798072888516,1.0,0.9987901898504196,1.000618360305135,1.000618360305135,0.0
56,8,243477,0.0008314463921124116,0.0008314463921124116,0.9999958928358736,0.9989978519531619,1.0006495576327539,1.0006495576327539,0.0
57,8,228147,0.000716102724254597,0.000716102724254597,0.9999956168610589,0.9988603838753085,1.0006357563256914,1.0006357563256914,0.0
58,8,276702,0.0006895692531543318,0.0006895692531543318,1.0,0.9989410990885501,1.000634263406571,1.000634263406571,0.0
59,8,239885,0.0007708586344961077,0.0007708586344961077,1.0,0.9988536173583176,1.0005698368489067,1.0005698368489067,0.0
60,8,219161,0.0007543765750597231,0.0007543765750597231,1.0,0.998964231774814,1.000667691930818,1.000667691930818,0.0
61,8,248001,0.0007534598335041665,0.0007534598335041665,0.9999959677581945,0.998798391941968,1.0005799576539005,1.0005799576539005,0.0
62,8,205470,0.0008233324697357602,0.0008233324697357602,0.9999951331094563,0.9989828198763809,1.0005338750790869,1.0005338750790869,0.0
63,8,247878,0.0007556833879789338,0.0007556833879789338,1.0,0.9990680899474742,1.0006222267733522,1.0006222267733522,0.0
64,8,233177,0.0007718363631283864,0.0007718363631283864,0.9999957114123605,0.9987563095845645,1.0008613025191164,1.0008613025191164,0.0
65,8,231965,0.0007473580408259295,0.0007473580408259295,1.0,0.9990084711055547,1.0006293547787382,1.0006293547787382,0.0
66,8,245567,0.0008399095968343318,0.0008399095968343318,0.9999959277916006,0.9987009655206115,1.0006532037017901,1.0006532037017901,0.0
67,8,213799,0.0008205025224015117,0.0008205025224015117,1.0,0.9990972829620345,1.0005040419827735,1.0005040419827735,0.0
68,8,236973,0.0007350713349296711,0.0007350713349296711,1.0,0.9990041059529988,1.0005550556524372,1.0005550556524372,0.0
69,8,248055,0.0006858133929199539,0.0006858133929199539,1.0,0.9990526294571769,1.0004848581337809,1.0004848581337809,0.0
70,8,246756,0.0007701356153120287,0.0007701356153120287,1.0,0.998978748237125,1.0006522526934503,1.0006522526934503,0.0
71,8,207068,0.0007972750900080428,0.0007972750900080428,1.0,0.999000328394537,1.0005301889053355,1.0005301889053355,0.0
72,8,244616,0.0007960887960507534,0.0007960887960507534,0.99999591195997,0.9989371095921771,1.0006728259164364,1.0006728259164364,0.0
73,8,255056,0.0007165322022046894,0.0007165322022046894,1.0,0.9992080170629195,1.0004222418312056,1.0004222418312056,0.0
74,8,220800,0.0007964571632328443,0.0007964571632328443,1.0,0.9990760869565217,1.000756544030231,1.000756544030231,0.0
75,8,227423,0.0007732329904683866,0.0007732329904683866,1.0,0.9989622861364066,1.0006083532255972,1.0006083532255972,0.0
76,8,231011,0.0007392348488792777,0.0007392348488792777,1.0,0.9990303492041505,1.000695482303873,1.000695482303873,0.0
77,8,243574,0.0007741861481918022,0.0007741861481918022,1.0,0.9989366681172868,1.0007450491816656,1.0007450491816656,0.0
78,8,274887,0.0007797004145686515,0.0007797004145686515,0.9999963621415345,0.9991123625344233,1.0005341044115401,1.0005341044115401,0.0
79,8,249337,0.0007540142250945792,0.0007540142250945792,1.0,0.9990013515844018,1.0005591351702214,1.0005591351702214,0.0
80,8,238667,0.0007311807567020878,0.0007311807567020878,0.9999958100617178,0.9991075431458895,1.000673782174798,1.000673782174798,0.0
81,8,240388,0.0007785004927427508,0.0007785004927427508,1.0,0.9989600146429938,1.0006198150230046,1.0006198150230046,0.0
82,8,231721,0.0007639911054866388,0.0007639911054866388,1.0,0.9989987959658382,1.0007672548560553,1.0007672548560553,0.0
83,8,219913,0.0008068641618592665,0.0008068641618592665,1.0,0.998954131861236,1.0005773323570002,1.0005773323570002,0.0
84,8,233089,0.0007927648330223747,0.0007927648330223747,1.0,0.9990261230688707,1.000594855599685,1.000594855599685,0.0
85,8,231723,0.0009422317452845164,0.0009422317452845164,1.0,0.9988779706805108,1.0003444643496762,1.0003444643496762,0.0
86,8,212424,0.0007587059080833569,0.0007587059080833569,1.0,0.9989172598199827,1.0006557124548074,1.0006557124548074,0.0
87,8,237733,0.0007026839266472962,0.0007026839266472962,1.0,0.9990661792851645,1.0006082190945305,1.0006082190945305,0.0
88,8,207626,0.0008237265501520596,0.0008237265501520596,0.9999855509425601,0.9988199936424147,1.000791537427875,1.000791537427875,0.0
89,8,233471,0.0008080498155322857,0.0008080498155322857,1.0,0.9987792916465,1.0006385546143846,1.0006385546143846,0.0
90,8,215573,0.0007213206627056934,0.0007213206627056934,1.0,0.9988820492362216,1.000777270779504,1.000777270779504,0.0
91,8,237837,0.0007119892834452912,0.0007119892834452912,1.0,0.9991422697057228,1.0005752610374963,1.0005752610374963,0.0
92,8,214423,0.0009055148984771222,0.0009055148984771222,1.0,0.9988247529416154,1.0006033725539005,1.0006033725539005,0.0
93,8,219814,0.000782966279075481,0.000782966279075481,1.0,0.9991492807555479,1.0004423484172982,1.0004423484172982,0.0
94,8,244795,0.0009213300072588027,0.0009213300072588027,1.0,0.9985906574889193,1.0004453902117079,1.0004453902117079,0.0
95,8,208863,0.0008157775373547338,0.0008157775373547338,1.0,0.9987120744219895,1.0005904036452722,1.0005904036452722,0.0
96,8,238032,0.0007518259189964738,0.0007518259189964738,1.0,0.9987606708341735,1.0007645292308387,1.0007645292308387,0.0
97,8,227703,0.0007854856958147138,0.0007854856958147138,1.0,0.998981128926716,1.000448843998542,1.000448843998542,0.0
98,8,228059,0.0008321415734826587,0.0008321415734826587,1.0,0.9986231633042327,1.0006014753857555,1.0006014753857555,0.0
99,8,192680,0.0007743463647784665,0.0007743463647784665,1.0,0.9989827693585219,1.000615049888416,1.000615049888416,0.0
100,8,217061,0.0008099944097921252,0.0008099944097921252,1.0,0.9988851060301022,1.0006782457609842,1.0006782457609842,0.0
101,8,249481,0.0008511670384905301,0.0008511670384905301,1.0,0.9988576284366345,1.0004167792963192,1.0004167792963192,0.0
102,8,238814,0.0007029009429970756,0.0007029009429970756,1.0,0.9988903498119875,1.000884694129113,1.000884694129113,0.0
103,8,225067,0.0007875034643802792,0.0007875034643802792,0.9999955568786184,0.9989914114463693,1.0006414843274447,1.0006414843274447,0.0
104,8,261935,0.0007243033396662213,0.0007243033396662213,1.0,0.9988928550976387,1.0004989123911945,1.0004989123911945,0.0
105,8,234704,0.0007890656925155781,0.0007890656925155781,1.0,0.9985982343718045,1.0006900813098627,1.0006900813098627,0.0
106,8,221357,0.0008706619919394143,0.0008706619919394143,1.0,0.9986989343006998,1.0008288143911759,1.0008288143911759,0.0
107,8,216748,0.0008513938373653218,0.0008513938373653218,1.0,0.9988004502925056,1.000781842926463,1.000781842926463,0.0
108,8,245688,0.0008231573228840716,0.0008231573228840716,1.0,0.9986731138679952,1.0007843169614512,1.0007843169614512,0.0
109,8,235415,0.0007488441406167112,0.0007488441406167112,1.0,0.9989550368498185,1.0003943335439542,1.0003943335439542,0.0
110,8,212049,0.000800438330770703,0.000800438330770703,1.0,0.9991747190507855,1.0004800629807262,1.0004800629807262,0.0
111,8,237011,0.0007031177883618511,0.0007031177883618511,1.0,0.9993122682069608,1.0006237513765184,1.0006237513765184,0.0
112,8,204704,0.000777357374317944,0.000777357374317944,0.9999902297952165,0.9990864858527435,1.0005195239605114,1.0005195239605114,0.0
113,8,234491,0.0007110152728273533,0.0007110152728273533,0.9999914708880085,0.9989765065610194,1.0006266065382041,1.0006266065382041,0.0
114,8,217256,0.0006863634116598405,0.0006863634116598405,1.0,0.9992175129800788,1.0005520650896869,1.0005520650896869,0.0
115,8,227545,0.0007656812376808375,0.0007656812376808375,1.0,0.9991122635083171,1.0003873632825375,1.0003873632825375,0.0
116,8,232020,0.0006951306568225846,0.0006951306568225846,1.0,0.9989656064132403,1.0007091505446728,1.0007091505446728,0.0
117,8,219870,0.0007814959244569764,0.0007814959244569764,1.0,0.9991313048619639,1.0006068927093283,1.0006068927093283,0.0
118,8,225646,0.0007364161465375219,0.0007364161465375219,1.0,0.9988654795564734,1.000646935977704,1.000646935977704,0.0
119,8,242633,0.0007468784679076634,0.0007468784679076634,1.0,0.9987470789216636,1.0007282249580642,1.0007282249580642,0.0
120,8,242753,0.0007458873224095441,0.0007458873224095441,1.0,0.9988589224438009,1.000462717955597,1.000462717955597,0.0
121,8,200264,0.0006862888621981256,0.0006862888621981256,1.0,0.9991211600687093,1.0005435403392522,1.0005435403392522,0.0
122,8,231856,0.0007648543687537313,0.0007648543687537313,1.0,0.9988656752467049,1.0005480064943326,1.0005480064943326,0.0
123,8,237898,0.0006441467412514612,0.0006441467412514612,0.9999957965178353,0.9991382861562519,1.0005781717308995,1.0005781717308995,0.0
124,8,220055,0.0008506612939527258,0.0008506612939527258,1.0,0.9987957556065529,1.0007762530248119,1.0007762530248119,0.0
125,8,236646,0.0007511809926654678,0.0007511809926654678,0.9999957742788806,0.9988970867878604,1.0006827593351462,1.0006827593351462,0.0
126,8,209213,0.0007918079136288725,0.0007918079136288725,1.0,0.99891498138261,1.0005714682823248,1.0005714682823248,0.0
127,8,235144,0.0007266581815201789,0.0007266581815201789,1.0,0.9989580852583948,1.0006798526913296,1.0006798526913296,0.0
128,8,243820,0.0006917587525094859,0.0006917587525094859,1.0,0.999126404724797,1.0005260188099827,1.0005260188099827,0.0
129,8,226565,0.0008086050729616545,0.0008086050729616545,0.9999955862555999,0.9988789089223843,1.000911636492287,1.000911636492287,0.0
130,8,276770,0.0008416931596002541,0.0008416931596002541,0.9999963868916428,0.9987028940997941,1.0005755180576381,1.0005755180576381,0.0
131,8,209143,0.0008893983249436133,0.0008893983249436133,1.0,0.9990150279951995,1.000523948103092,1.000523948103092,0.0
132,8,256193,0.000691073335474357,0.000691073335474357,1.0,0.9991178525564711,1.0006112182758702,1.0006112182758702,0.0
133,8,236032,0.000667525571770966,0.000667525571770966,1.0,0.9991272369848156,1.0003581140149957,1.0003581140149957,0.0
134,8,243822,0.0006881246954435483,0.0006881246954435483,1.0,0.9988762293804496,1.000780538671654,1.000780538671654,0.0
135,8,216985,0.0007659714101464488,0.0007659714101464488,1.0,0.9990598428462797,1.0005033110007604,1.0005033110007604,0.0
136,8,265699,0.0007585218336316757,0.0007585218336316757,1.0,0.9989348849638124,1.0004670169533947,1.0004670169533947,0.0
137,8,238778,0.0006836723114247434,0.0006836723114247434,1.0,0.999225221754098,1.0003915852931384,1.0003915852931384,0.0
138,8,223532,0.0007234107542899437,0.0007234107542899437,1.0,0.9989576436483367,1.0007855681037838,1.0007855681037838,0.0
139,8,189988,0.0007860303958295844,0.0007860303958295844,1.0,0.9990578352316989,1.0006734029336721,1.0006734029336721,0.0
140,8,222446,0.0007756915074423887,0.0007756915074423887,0.9999955045269414,0.9988446634239321,1.0005380080306008,1.0005380080306008,0.0
141,8,211774,0.0007988012803252786,0.0007988012803252786,0.9999952779850217,0.9989894887946584,1.0008330667362377,1.0008330667362377,0.0
142,8,242148,0.00074935240263585,0.00074935240263585,1.0,0.9989799626674596,1.0006931453078283,1.0006931453078283,0.0
143,8,209676,0.0007779728766763583,0.0007779728766763583,1.0,0.9989078387607547,1.0005053602418135,1.0005053602418135,0.0
144,8,227024,0.0007970192891662009,0.0007970192891662009,1.0,0.9990221298188737,1.0007218313785107,1.0007218313785107,0.0
145,8,203221,0.000838132094941102,0.000838132094941102,1.0,0.9988879102061303,1.0004537134526574,1.0004537134526574,0.0
146,8,220742,0.0006961973704164848,0.0006961973704164848,1.0,0.9991573873571862,1.000660644694938,1.000660644694938,0.0
147,8,232778,0.0008125639214995317,0.0008125639214995317,0.9999957040613804,0.999084965074019,1.000585401346723,1.000585401346723,0.0
148,8,230409,0.0008051551340031438,0.0008051551340031438,1.0,0.9989149729394251,1.000647591619685,1.000647591619685,0.0
149,8,208028,0.0007652195999980904,0.0007652195999980904,1.0,0.9990626261849367,1.0005497025190118,1.0005497025190118,0.0
150,8,251574,0.000627118548436556,0.000627118548436556,1.0,0.99901023158196,1.000590182647551,1.000590182647551,0.0
151,8,210468,0.0007897901959950104,0.0007897901959950104,0.9999952486838855,0.9988976946614212,1.000582551259277,1.000582551259277,0.0
152,8,242892,0.0007062586009851657,0.0007062586009851657,1.0,0.9990366088631984,1.0006886580506975,1.0006886580506975,0.0
153,8,202229,0.0008677427322254516,0.0008677427322254516,1.0,0.9989269590414827,1.0007005613840003,1.0007005613840003,0.0
154,8,217944,0.000892558105988428,0.000892558105988428,0.9999908233307638,0.9985363212568367,1.0006829135652393,1.0006829135652393,0.0
155,8,203108,0.0008027683579712175,0.0008027683579712175,0.9999950765110188,0.9990694605825472,1.0006002665838494,1.0006002665838494,0.0
156,8,225165,0.000809635930636432,0.000809635930636432,0.9999955588124264,0.998796438167566,1.0005347293928897,1.0005347293928897,0.0
157,8,224720,0.0007747649506200105,0.0007747649506200105,1.0,0.9989320042719829,1.000572026959939,1.000572026959939,0.0
158,8,201851,0.0008287953387480229,0.0008287953387480229,0.9999950458506522,0.9987862334097923,1.0008582241278838,1.0008582241278838,0.0
159,8,222355,0.000785141994128935,0.000785141994128935,1.0,0.9989206449146635,1.0005370863174878,1.0005370863174878,0.0
160,8,224286,0.0008681985127623193,0.0008681985127623193,1.0,0.9989343962619156,1.0005320703811205,1.0005320703811205,0.0
161,8,208897,0.000803465380158741,0.000803465380158741,1.0,0.9989085530189519,1.0007311748583034,1.0007311748583034,0.0
162,8,237642,0.0007532598719990347,0.0007532598719990347,0.9999957919896315,0.998653436682068,1.0006729775644667,1.0006729775644667,0.0
163,8,235557,0.0007066688012855593,0.0007066688012855593,1.0,0.9991976464295266,1.0006566964816372,1.0006566964816372,0.0
164,8,195563,0.0007269860798260197,0.0007269860798260197,1.0,0.9990795804932426,1.0008588085265362,1.0008588085265362,0.0
165,8,209376,0.0007395478241960518,0.0007395478241960518,1.0,0.9992119440623567,1.000426406545521,1.000426406545521,0.0
166,8,205231,0.0008036176732275635,0.0008036176732275635,1.0,0.9989865078862356,1.0006148178759544,1.0006148178759544,0.0
167,8,219874,0.000725467391021084,0.000725467391021084,1.0,0.9990812920126981,1.0007572341147657,1.0007572341147657,0.0
168,8,236745,0.0008339855849044397,0.0008339855849044397,1.0,0.9991509852372806,1.000379050375932,1.000379050375932,0.0
169,8,215340,0.0008516403686371632,0.0008516403686371632,1.0,0.9987554564874153,1.0006671227042119,1.0006671227042119,0.0
170,8,214926,0.0007729927528998815,0.0007729927528998815,1.0,0.9991159748006291,1.000739943995259,1.000739943995259,0.0
171,8,208467,0.0008503908611601219,0.0008503908611601219,1.0,0.9989542709397651,1.0006672453328944,1.0006672453328944,0.0
172,8,225137,0.0007534486503573135,0.0007534486503573135,1.0,0.9987696380426141,1.0007212535450636,1.0007212535450636,0.0
173,8,241484,0.0007644594879820943,0.0007644594879820943,1.0,0.9988653492570936,1.0005663952503063,1.0005663952503063,0.0
174,8,237667,0.0006998203389230184,0.0006998203389230184,1.0,0.9990995805054972,1.0006576872130966,1.0006576872130966,0.0
175,8,228351,0.0007292861482710578,0.0007292861482710578,1.0,0.9992073605983771,1.0005574828129173,1.0005574828129173,0.0
176,8,213197,0.0007626174774486572,0.0007626174774486572,0.999995309502479,0.999085352983391,1.0005072974613856,1.0005072974613856,0.0
177,8,225860,0.0007018650430836715,0.0007018650430836715,1.0,0.9987602939874258,1.0006136830129837,1.0006136830129837,0.0
178,8,217258,0.0007798988663125783,0.0007798988663125783,1.0,0.9991853004262213,1.0005400495177392,1.0005400495177392,0.0
179,8,205684,0.0007087813937687315,0.0007087813937687315,1.0,0.9989936018358259,1.0007230780514649,1.0007230780514649,0.0
180,8,223210,0.0007274954587046523,0.0007274954587046523,1.0,0.9990860624523991,1.000461492610658,1.000461492610658,0.0
181,8,193746,0.0008082288259174675,0.0008082288259174675,1.0,0.9990503029739969,1.0005883185975453,1.0005883185975453,0.0
182,8,205337,0.0007669845363125205,0.0007669845363125205,1.0,0.9991526125345165,1.0004979999342545,1.0004979999342545,0.0
183,8,192467,0.0008461097386316396,0.0008461097386316396,1.0,0.9991271230912312,1.0003658145373622,1.0003658145373622,0.0
184,8,245025,0.0008328671829076484,0.0008328671829076484,1.0,0.9989511274359759,1.0006073041016224,1.0006073041016224,0.0
185,8,221734,0.000829679484013468,0.000829679484013468,0.9999954900917315,0.9987913445840512,1.000569816339623,1.000569816339623,0.0
186,8,214145,0.000780217393185012,0.000780217393185012,1.0,0.998813887786313,1.0005941596961172,1.0005941596961172,0.0
187,8,224611,0.0007381267059827223,0.0007381267059827223,1.0,0.998971555266661,1.0006211650712231,1.0006211650712231,0.0
188,8,218594,0.0007436787491315044,0.0007436787491315044,1.0,0.9989112235468494,1.0006782515473893,1.0006782515473893,0.0
189,8,239843,0.0007077649861457758,0.0007077649861457758,1.0,0.9989159575222124,1.0005752460984894,1.0005752460984894,0.0
190,8,209913,0.0007053904555505142,0.0007053904555505142,1.0,0.9990758075964804,1.000571200181742,1.000571200181742,0.0
191,8,230187,0.0008133767187246121,0.0008133767187246121,1.0,0.9990746653807556,1.00043865066093,1.00043865066093,0.0
192,8,228379,0.0007835375654394738,0.0007835375654394738,1.0,0.9988571628739945,1.0004021036577355,1.0004021036577355,0.0
193,8,259953,0.000717588554834947,0.000717588554834947,1.0,0.9987574676960835,1.0007428175718303,1.0007428175718303,0.0
194,8,234818,0.0007596774230478331,0.0007596774230478331,1.0,0.9988288802391639,1.0003786592834663,1.0003786592834663,0.0
195,8,219142,0.0008066321242949925,0.0008066321242949925,1.0,0.9988363709375656,1.0005464047712214,1.0005464047712214,0.0
196,8,204188,0.0007315564798773266,0.0007315564798773266,1.0,0.999231100750289,1.0004445294440663,1.0004445294440663,0.0
197,8,178829,0.0008275202853837982,0.0008275202853837982,1.0,0.9989990437792529,1.0005227857775445,1.0005227857775445,0.0
198,8,236576,0.0006775397851015441,0.0006775397851015441,1.0,0.9989348031922088,1.0007177182887317,1.0007177182887317,0.0
199,8,241508,0.0006575782172149047,0.0006575782172149047,1.0,0.999147026185468,1.0004960530551783,1.0004960530551783,0.0
200,8,224398,0.0006881889057694934,0.0006881889057694934,1.0,0.9990552500467919,1.0005072512761923,1.0005072512761923,0.0
201,8,206431,0.0007541254526586272,0.0007541254526586272,1.0,0.9990553744350412,1.0005426771687633,1.0005426771687633,0.0
202,8,228048,0.0008658537044539116,0.0008658537044539116,1.0,0.9987941135199607,1.0007431232610569,1.0007431232610569,0.0
203,8,228392,0.0007293666203622706,0.0007293666203622706,1.0,0.9990455007180636,1.0005692652325826,1.0005692652325826,0.0
204,8,230542,0.0007558514407719485,0.0007558514407719485,1.0,0.9987898083646364,1.0007434586214226,1.0007434586214226,0.0
205,8,214607,0.0007323410318349488,0.0007323410318349488,1.0,0.999189215636023,1.0005845077426412,1.0005845077426412,0.0
206,8,212514,0.0007850333931855857,0.0007850333931855857,1.0,0.9987483177578889,1.000593324880949,1.000593324880949,0.0
207,8,217677,0.0007371991232503206,0.0007371991232503206,1.0,0.9990168920005329,1.0005330073342613,1.0005330073342613,0.0
208,8,192414,0.0007769730509608053,0.0007769730509608053,1.0,0.9989345889592234,1.0006003950547386,1.0006003950547386,0.0
209,8,237686,0.0008273975472548045,0.0008273975472548045,1.0,0.9989944716979544,1.0004545740953927,1.0004545740953927,0.0
210,8,229489,0.0007995765045052394,0.0007995765045052394,0.9999956424926685,0.9988931931377975,1.0005841315174693,1.0005841315174693,0.0
211,8,204044,0.0008365560424863361,0.0008365560424863361,1.0,0.9989463056987709,1.0004780391269774,1.0004780391269774,0.0
212,8,216001,0.0008270634789369069,0.0008270634789369069,1.0,0.9992546330804024,1.0005735107997185,1.0005735107997185,0.0
213,8,205890,0.000743117489037104,0.000743117489037104,1.0,0.9988391859730924,1.0006233987201905,1.0006233987201905,0.0
214,8,212454,0.0007357248759944923,0.0007357248759944923,1.0,0.9990350852419818,1.0005458488587529,1.0005458488587529,0.0
215,8,228380,0.0007155773855629377,0.0007155773855629377,1.0,0.9991505385760574,1.0004237728785357,1.0004237728785357,0.0
216,8,201460,0.0006767094309907407,0.0006767094309907407,1.0,0.9988632979251464,1.0006995223927826,1.0006995223927826,0.0
217,8,215934,0.0007336269918596372,0.0007336269918596372,1.0,0.9990552668871044,1.0005726033475506,1.0005726033475506,0.0
218,8,234627,0.0007684871379751712,0.0007684871379751712,1.0,0.9988364510478334,1.0005653587928927,1.0005653587928927,0.0
219,8,222223,0.0007627188570040744,0.0007627188570040744,1.0,0.9989785035752375,1.0007145219132358,1.0007145219132358,0.0
220,8,215965,0.0007178912128438242,0.0007178912128438242,1.0,0.9990461417359294,1.0006950136957957,1.0006950136957957,0.0
221,8,212985,0.0008326009847223759,0.0008326009847223759,1.0,0.9990797474000517,1.0003875988185789,1.0003875988185789,0.0
222,8,228621,0.0007182653062045574,0.0007182653062045574,1.0,0.9990552049024368,1.0005901765708858,1.0005901765708858,0.0
223,8,210508,0.0007963317693793215,0.0007963317693793215,1.0,0.9989691603169476,1.0006087394837726,1.0006087394837726,0.0
224,8,237683,0.0007290983194252476,0.0007290983194252476,1.0,0.9989860444373388,1.0004996150334688,1.0004996150334688,0.0
225,8,224675,0.0007341167365666479,0.0007341167365666479,1.0,0.9991187270501836,1.0005527689301212,1.0005527689301212,0.0
226,8,222315,0.0007900743003119715,0.0007900743003119715,0.9999910037559319,0.9989924206643727,1.0006257045886466,1.0006257045886466,0.0
227,8,230274,0.0007568362925667316,0.0007568362925667316,1.0,0.9988535396961881,1.0005747738292208,1.0005747738292208,0.0
228,8,209604,0.000727368940715678,0.000727368940715678,1.0,0.9991746340718689,1.0005379563963475,1.0005379563963475,0.0
229,8,221426,0.0007796830468578264,0.0007796830468578264,0.9999954838185218,0.9989838591673967,1.0006676274607544,1.0006676274607544,0.0
230,8,221898,0.000832915298815351,0.000832915298815351,1.0,0.9989139154025723,1.0008565573343382,1.0008565573343382,0.0
231,8,225921,0.0007217865022539627,0.0007217865022539627,0.9999955736739834,0.9988889921698293,1.0006520704416588,1.0006520704416588,0.0
232,8,212717,0.0007581421596114524,0.0007581421596114524,1.0,0.9991585063723163,1.000443370769614,1.000443370769614,0.0
233,8,250422,0.0007890496344771236,0.0007890496344771236,1.0,0.9989018536710034,1.0005364421419145,1.0005364421419145,0.0
234,8,232019,0.0007623226629220881,0.0007623226629220881,1.0,0.9990259418409699,1.0006330300535733,1.0006330300535733,0.0
235,8,208163,0.0007776734200888313,0.0007776734200888313,1.0,0.998919116269462,1.0006708609959503,1.0006708609959503,0.0
236,8,243030,0.000680683646351099,0.000680683646351099,1.0,0.9989301732296424,1.000633317035191,1.000633317035191,0.0
237,8,219453,0.0007514478857046925,0.0007514478857046925,1.0,0.999093199910687,1.0007099149647076,1.0007099149647076,0.0
238,8,219671,0.000802867733000312,0.000802867733000312,0.9999954477377533,0.9989211138475266,1.0008109072772464,1.0008109072772464,0.0
239,8,217235,0.0007969877988216467,0.0007969877988216467,0.9999907933804405,0.9989228255115428,1.0005955621935922,1.0005955621935922,0.0
240,8,240610,0.0007785541383782402,0.0007785541383782402,1.0,0.9989859108100245,1.0005388485256224,1.0005388485256224,0.0
241,8,215609,0.0007969985090312548,0.0007969985090312548,0.9999953619746856,0.9987941134182711,1.0004959697734093,1.0004959697734093,0.0
242,8,247673,0.0007701224240008742,0.0007701224240008742,1.0,0.9987564248020575,1.0005519500510753,1.0005519500510753,0.0
243,8,254668,0.0006295890707406215,0.0006295890707406215,1.0,0.9989829896178554,1.0007108749798757,1.0007108749798757,0.0
244,8,214875,0.0006891970115248114,0.0006891970115248114,1.0,0.999064572425829,1.000518270069808,1.000518270069808,0.0
245,8,200516,0.0007793620461598039,0.0007793620461598039,1.0,0.9988479722316423,1.0008424505011446,1.0008424505011446,0.0
246,8,200830,0.0008359518033103086,0.0008359518033103086,1.0,0.9991335955783498,1.0005240410499552,1.0005240410499552,0.0
247,8,221920,0.0007058499832055531,0.0007058499832055531,1.0,0.9990852559480894,1.0005663948086585,1.0005663948086585,0.0
248,8,212762,0.0008137582917697728,0.0008137582917697728,1.0,0.9989471804175558,1.0006186031075803,1.0006186031075803,0.0
249,8,214667,0.000721133554179687,0.000721133554179687,1.0,0.9988866476915409,1.000648433460313,1.000648433460313,0.0
250,8,227004,0.0007248696201713756,0.0007248696201713756,1.0,0.9989207238638966,1.0005174829656085,1.0005174829656085,0.0
251,8,213618,0.0007088152487995103,0.0007088152487995103,0.9999953187465476,0.9991901431527306,1.0005822400412185,1.0005822400412185,0.0
252,8,227287,0.0008085233421297744,0.0008085233421297744,1.0,0.9990056624443985,1.000369740061574,1.000369740061574,0.0
253,8,229619,0.0007625423386343755,0.0007625423386343755,1.0,0.9989504352862786,1.0004919239179901,1.0004919239179901,0.0
254,8,223423,0.0007337988499784842,0.0007337988499784842,1.0,0.9986930620392708,1.000741813874355,1.000741813874355,0.0
255,8,202480,0.0007166698123910464,0.0007166698123910464,1.0,0.9991406558672461,1.0008268515331762,1.0008268515331762,0.0
256,8,212535,0.0006843567825853825,0.0006843567825853825,1.0,0.9989460559437269,1.0006737860822923,1.0006737860822923,0.0
257,8,249276,0.0006780871626688167,0.0006780871626688167,1.0,0.9990051188241147,1.0008660863109566,1.0008660863109566,0.0
258,8,213857,0.0006836720422143117,0.0006836720422143117,1.0,0.99889645884867,1.000687685725742,1.000687685725742,0.0
259,8,222293,0.0006991258997004479,0.0006991258997004479,1.0,0.998956332408128,1.0005742175023504,1.0005742175023504,0.0
260,8,216636,0.0007207636663224548,0.0007207636663224548,1.0,0.9992568178880703,1.0006030375765684,1.0006030375765684,0.0
261,8,225346,0.0006576785672223195,0.0006576785672223195,1.0,0.99911691354628,1.0005764659540217,1.0005764659540217,0.0
262,8,244476,0.0007922853983473033,0.0007922853983473033,0.9999959096189401,0.9989160490191267,1.0004661716219077,1.0004661716219077,0.0
263,8,226671,0.0006766961596440524,0.0006766961596440524,0.9999867649589051,0.999060312082269,1.0006125040876976,1.0006125040876976,0.0
264,8,245747,0.0007830658869352192,0.0007830658869352192,1.0,0.9990233858399086,1.0005050131588584,1.0005050131588584,0.0
265,8,206935,0.0007809124545019586,0.0007809124545019586,1.0,0.9990431778094571,1.000499821992715,1.000499821992715,0.0
266,8,206538,0.0008025225761230104,0.0008025225761230104,1.0,0.9989106120907533,1.000682342656073,1.000682342656073,0.0
267,8,225738,0.0007153288315748796,0.0007153288315748796,1.0,0.9993488025941578,1.000489254619847,1.000489254619847,0.0
268,8,186833,0.0007997190186870284,0.0007997190186870284,1.0,0.9989027634304433,1.0005533538808722,1.0005533538808722,0.0
269,8,255581,0.0007911114007583819,0.0007911114007583819,1.0,0.9988927189423314,1.000520065831625,1.000520065831625,0.0
270,8,220367,0.0007371686369879171,0.0007371686369879171,1.0,0.9988791425213394,1.000707227531232,1.000707227531232,0.0
271,8,250566,0.0006710047964588739,0.0006710047964588739,1.0,0.9989503763479483,1.0003732097406473,1.0003732097406473,0.0
272,8,234405,0.0006963170671951957,0.0006963170671951957,1.0,0.9991126469145283,1.0005390809976322,1.0005390809976322,0.0
273,8,187469,0.0008075348741840571,0.0008075348741840571,1.0,0.9988478095045047,1.0005139130919645,1.0005139130919645,0.0
274,8,211276,0.000884561195562128,0.000884561195562128,1.0,0.9989397754595885,1.000562393800053,1.000562393800053,0.0
275,8,222668,0.0007340190422837622,0.0007340190422837622,1.0,0.9990164729552518,1.0005673384815061,1.0005673384815061,0.0
276,8,251519,0.0006900082371430472,0.0006900082371430472,1.0,0.9991491696452356,1.000456507510367,1.000456507510367,0.0
277,8,213506,0.0007906005121185444,0.0007906005121185444,1.0,0.9991428812305041,1.0004617021155142,1.0004617021155142,0.0
278,8,198342,0.0006872796438983642,0.0006872796438983642,1.0,0.9991176856137379,1.0006323318749937,1.0006323318749937,0.0
279,8,221081,0.000768684931244934,0.000768684931244934,1.0,0.9992446207498609,1.0003485890069703,1.0003485890069703,0.0
280,8,235233,0.0006884641916258261,0.0006884641916258261,1.0,0.9992943166987625,1.0006083562627268,1.0006083562627268,0.0
281,8,208266,0.0007180516695370898,0.0007180516695370898,1.0,0.9991549268723652,1.0006433047911085,1.0006433047911085,0.0
282,8,212860,0.0007327364437514916,0.0007327364437514916,0.9999953020764822,0.999130884149206,1.0002666668012425,1.0002666668012425,0.0
283,8,266650,0.0006541528346133418,0.0006541528346133418,1.0,0.9987774235889743,1.000581982174667,1.000581982174667,0.0
284,8,208809,0.00072714731504675,0.00072714731504675,0.9999952109343946,0.9990757103381559,1.000799755248816,1.000799755248816,0.0
285,8,247907,0.0007013055219431408,0.0007013055219431408,1.0,0.9990117261715079,1.0006396284065193,1.0006396284065193,0.0
286,8,223735,0.0007232379502966069,0.0007232379502966069,1.0,0.9990122242831921,1.0008162732976513,1.0008162732976513,0.0
287,8,195373,0.0007210237745312043,0.0007210237745312043,0.9999948815854801,0.999252711480092,1.0007202468963214,1.0007202468963214,0.0
288,8,242740,0.0007331433916988317,0.0007331433916988317,1.0,0.9991266375545852,1.0003764355959566,1.0003764355959566,0.0
289,8,220497,0.0007149079901864752,0.0007149079901864752,1.0,0.9991881975718491,1.000465921871953,1.000465921871953,0.0
290,8,211667,0.0007256041062646545,0.0007256041062646545,1.0,0.9992110248645277,1.0004584284734395,1.0004584284734395,0.0
291,8,202199,0.0006687448549200781,0.0006687448549200781,1.0,0.9993817971404408,1.0004074922786463,1.0004074922786463,0.0
292,8,238817,0.0006859841669211164,0.0006859841669211164,0.9999958126934012,0.9989950464162937,1.0006527127727507,1.0006527127727507,0.0
293,8,230301,0.0006923287000972778,0.0006923287000972778,1.0,0.9988840691095566,1.000800718407649,1.000800718407649,0.0
294,8,202140,0.0009387806640006602,0.0009387806640006602,1.0,0.9991540516473731,1.000433955310985,1.000433955310985,0.0
295,8,203442,0.0007993019025889225,0.0007993019025889225,1.0,0.998898949086226,1.0006087806967097,1.0006087806967097,0.0
296,8,240097,0.0006521073992189486,0.0006521073992189486,1.0,0.9991461784195554,1.000482080549736,1.000482080549736,0.0
297,8,228574,0.0007355598572758026,0.0007355598572758026,1.0,0.999107510040512,1.000657199637754,1.000657199637754,0.0
298,8,235700,0.0007511956864618696,0.0007511956864618696,1.0,0.9990029698769622,1.0006272373515062,1.0006272373515062,0.0
299,8,239729,0.0006957734149182215,0.0006957734149182215,0.9999958286231536,0.9992449807908096,1.000453311343225,1.000453311343225,0.0
300,8,223196,0.0007524218308390118,0.0007524218308390118,1.0,0.9991173676947616,1.0004358032009981,1.0004358032009981,0.0
301,8,204164,0.0007048467232380062,0.0007048467232380062,0.9999951019768422,0.9990742736231657,1.000529302193947,1.000529302193947,0.0
302,8,206670,0.0008717715390957892,0.0008717715390957892,1.0,0.9990854986209899,1.000470830989621,1.000470830989621,0.0
303,8,215657,0.0007524922184529714,0.0007524922184529714,1.0,0.9990726013994445,1.000484914448928,1.000484914448928,0.0
304,8,230154,0.0008755502713029273,0.0008755502713029273,0.9999956550831183,0.998796458023758,1.000564372455508,1.000564372455508,0.0
305,8,235263,0.0007024419828667305,0.0007024419828667305,0.9999957494378632,0.9989076055308315,1.000875200706231,1.000875200706231,0.0
306,8,214564,0.0007412146223941818,0.0007412146223941818,1.0,0.9990771984116628,1.0004247075610306,1.0004247075610306,0.0
307,8,214482,0.0006932282412890345,0.0006932282412890345,1.0,0.9989975848789175,1.000541211281716,1.000541211281716,0.0
308,8,244361,0.0006859960776637308,0.0006859960776637308,1.0,0.9989892004043198,1.0005418269166826,1.0005418269166826,0.0
309,8,228422,0.0007446795425494201,0.0007446795425494201,1.0,0.9990324924919666,1.0006216948851796,1.0006216948851796,0.0
310,8,236792,0.0006958023004699498,0.0006958023004699498,1.0,0.9990371296327578,1.0007790576091042,1.0007790576091042,0.0
311,8,208910,0.0007862534766900353,0.0007862534766900353,1.0,0.9989517016897228,1.000735602913635,1.000735602913635,0.0
312,8,227540,0.0007004285653238185,0.0007004285653238185,1.0,0.9988177902786324,1.000671387791707,1.000671387791707,0.0
313,8,186661,0.0007561898164567538,0.0007561898164567538,1.0,0.9990463996228457,1.0005681987500068,1.0005681987500068,0.0
314,8,217149,0.0007760865555610508,0.0007760865555610508,0.9999907897342378,0.9989270040387015,1.0007030292995822,1.0007030292995822,0.0
315,8,212744,0.0007045726779324468,0.0007045726779324468,1.0,0.9991069078328884,1.000660363071344,1.000660363071344,0.0
316,8,231123,0.0007041737553663552,0.0007041737553663552,0.9999956732994986,0.9992125405087334,1.0006173787536832,1.0006173787536832,0.0
317,8,215884,0.0007746833944111131,0.0007746833944111131,1.0,0.9991708510125809,1.0004732992457754,1.0004732992457754,0.0
318,8,222522,0.0007499002604163252,0.0007499002604163252,1.0,0.9988989852688723,1.0004286970782663,1.0004286970782663,0.0
319,8,199245,0.0008295588340843096,0.0008295588340843096,1.0,0.9990112675349444,1.0004857987339708,1.0004857987339708,0.0
320,8,206659,0.0007695772583247162,0.0007695772583247162,1.0,0.9989886721604189,1.000620483577415,1.000620483577415,0.0
321,8,244514,0.0007053813606034964,0.0007053813606034964,1.0,0.9991207047449225,1.0006164092981384,1.0006164092981384,0.0
322,8,223770,0.0006648371381743345,0.0006648371381743345,1.0,0.9990660052732717,1.0005970485878357,1.0005970485878357,0.0
323,8,225024,0.0007359314913628623,0.0007359314913628623,1.0,0.9990312144482366,1.0006403310035819,1.0006403310035819,0.0
324,8,205689,0.0008194825713871978,0.0008194825713871978,1.0,0.9986970620694349,1.0006323022484795,1.0006323022484795,0.0
325,8,225039,0.0007542542589362711,0.0007542542589362711,1.0,0.9988935251223121,1.0006349029709851,1.0006349029709851,0.0
326,8,221655,0.000794535328168422,0.000794535328168422,1.0,0.9987051950102637,1.0004432476004377,1.0004432476004377,0.0
327,8,204067,0.0008580739231547341,0.0008580739231547341,0.9999950996486449,0.999132637810131,1.0004792581909372,1.0004792581909372,0.0
328,8,194062,0.0008025005881791003,0.0008025005881791003,1.0,0.9990209314548959,1.000478533841633,1.000478533841633,0.0
329,8,195817,0.0008132266520988196,0.0008132266520988196,1.0,0.9990092790717864,1.0004139806713666,1.0004139806713666,0.0
330,8,262527,0.0007644194229214918,0.0007644194229214918,1.0,0.999002007412571,1.0005089022688618,1.0005089022688618,0.0
331,8,224407,0.0007260268976096995,0.0007260268976096995,1.0,0.9990953936374534,1.0006158244283823,1.0006158244283823,0.0
332,8,205384,0.0008191622837330215,0.0008191622837330215,1.0,0.998909360028045,1.0004594575739834,1.0004594575739834,0.0
333,8,220434,0.00081498539657332,0.00081498539657332,1.0,0.999165283032563,1.0005368316026566,1.0005368316026566,0.0
334,8,220235,0.0007921723154140636,0.0007921723154140636,1.0,0.9988966331418712,1.0008221331759257,1.0008221331759257,0.0
335,8,203115,0.0007978331450431142,0.0007978331450431142,1.0,0.9990104128203234,1.0004951397607267,1.0004951397607267,0.0
336,8,224653,0.0007833898562239483,0.0007833898562239483,0.9999955486906473,0.9989851014675967,1.000571497695891,1.000571497695891,0.0
337,8,226689,0.0006540309768752195,0.0006540309768752195,1.0,0.999055975367133,1.0006154236227827,1.0006154236227827,0.0
338,8,214567,0.0007252909417729825,0.0007252909417729825,1.0,0.9992216883304516,1.0004757765057068,1.0004757765057068,0.0
339,8,239064,0.0006769643878214993,0.0006769643878214993,1.0,0.9989960847304488,1.0006279454063556,1.0006279454063556,0.0
340,8,226396,0.0007331984452321194,0.0007331984452321194,1.0,0.9989443276382975,1.000667921887975,1.000667921887975,0.0
341,8,222760,0.0007612114350195043,0.0007612114350195043,1.0,0.9990258574250315,1.0005803962223918,1.0005803962223918,0.0
342,8,189105,0.0007615814611199312,0.0007615814611199312,1.0,0.9989741149097062,1.0005311151129663,1.0005311151129663,0.0
343,8,213446,0.000739269373298157,0.000739269373298157,1.0,0.9990255146500754,1.000782737861684,1.000782737861684,0.0
344,8,218191,0.000712662425939925,0.000712662425939925,1.0,0.9990283742225848,1.000541589350042,1.000541589350042,0.0
345,8,195562,0.0008793628221610561,0.0008793628221610561,1.0,0.9988750370726419,1.0007152563029884,1.0007152563029884,0.0
346,8,192506,0.0006911297095939517,0.0006911297095939517,1.0,0.9989922392029339,1.0005709034718397,1.0005709034718397,0.0
347,8,245824,0.0007279363562702201,0.0007279363562702201,1.0,0.9989016532153085,1.0005840608397676,1.0005840608397676,0.0
348,8,201723,0.0006777207745471969,0.0006777207745471969,1.0,0.9989787976581749,1.0006618615394005,1.0006618615394005,0.0
349,8,210650,0.0007036482857074589,0.0007036482857074589,1.0,0.9991455020175647,1.0007282054800617,1.0007282054800617,0.0
350,8,207754,0.0007968375866767019,0.0007968375866767019,0.9999951866149388,0.9990517631429479,1.0004065430148157,1.0004065430148157,0.0
351,8,220833,0.0006923988257767633,0.0006923988257767633,1.0,0.9991803761213225,1.0006106848840526,1.0006106848840526,0.0
352,8,228825,0.0007024401493254118,0.0007024401493254118,1.0,0.9989293127936196,1.0005553677755927,1.0005553677755927,0.0
353,8,211305,0.0007990339800016955,0.0007990339800016955,1.0,0.9990724308464068,1.0004007231475238,1.0004007231475238,0.0
354,8,243894,0.0007200507679954171,0.0007200507679954171,1.0,0.9990856683641254,1.0005841300741818,1.0005841300741818,0.0
355,8,212544,0.0007956021290738136,0.0007956021290738136,0.9999905901836796,0.9991248870822041,1.0004840358055274,1.0004840358055274,0.0
356,8,242447,0.0006988817767705768,0.0006988817767705768,1.0,0.999241071244437,1.0006359234569824,1.0006359234569824,0.0
357,8,222182,0.0007790419404045679,0.0007790419404045679,1.0,0.9991538468462792,1.000516806920959,1.000516806920959,0.0
358,8,213344,0.000743362026696559,0.000743362026696559,0.9999953127343633,0.9990156742162892,1.0005820448723657,1.0005820448723657,0.0
359,8,233644,0.0007495063728129026,0.0007495063728129026,1.0,0.9991739569601616,1.0003527167667476,1.0003527167667476,0.0
360,8,224780,0.0006708554210490547,0.0006708554210490547,0.9999911024112466,0.9989055965833259,1.0010988435219992,1.0010988435219992,0.0
361,8,194763,0.0008404537729802541,0.0008404537729802541,0.9999897311090916,0.9990193209182442,1.0003487110776945,1.0003487110776945,0.0
362,8,225398,0.0006902831337356474,0.0006902831337356474,0.9999911268068039,0.9989352168164758,1.000696892274998,1.000696892274998,0.0
363,8,213456,0.0008381538937101141,0.0008381538937101141,1.0,0.9989224945656248,1.000592051538139,1.000592051538139,0.0
364,8,198531,0.0007490249554393813,0.0007490249554393813,1.0,0.9989976376485284,1.0006592858136765,1.0006592858136765,0.0
365,8,227061,0.0007660276387468912,0.0007660276387468912,1.0,0.999299747644906,1.0003605171077377,1.0003605171077377,0.0
366,8,207701,0.0006899598738527857,0.0006899598738527857,0.9999951853866856,0.9992104034164496,1.0005308487320717,1.0005308487320717,0.0
367,8,201639,0.0008456217510683928,0.0008456217510683928,1.0,0.9989238193008297,1.0003991363045468,1.0003991363045468,0.0
368,8,214213,0.0007878916876506992,0.0007878916876506992,1.0,0.9991223688571655,1.000640676387229,1.000640676387229,0.0
369,8,214099,0.0007774913319735788,0.0007774913319735788,0.9999953292635649,0.998967767247862,1.000581305990453,1.000581305990453,0.0
370,8,209928,0.0007280709396582097,0.0007280709396582097,1.0,0.9990091841012156,1.0005472346843323,1.0005472346843323,0.0
371,8,231176,0.0006309372038231231,0.0006309372038231231,1.0,0.9992256981693601,1.0004137303666902,1.0004137303666902,0.0
372,8,219653,0.0007464880036422983,0.0007464880036422983,1.0,0.9990393939531899,1.0004960371799498,1.0004960371799498,0.0
373,8,246417,0.0006833199804532342,0.0006833199804532342,1.0,0.9989692269608023,1.0004860441091727,1.0004860441091727,0.0
374,8,237479,0.0007029211192275397,0.0007029211192275397,1.0,0.9989683298312693,1.0005772220912166,1.0005772220912166,0.0
375,8,249120,0.0007309089924092405,0.0007309089924092405,1.0,0.9987997752087348,1.0006698108592245,1.0006698108592245,0.0
376,8,226576,0.0008208632862078957,0.0008208632862078957,1.0,0.9988568956994562,1.0006563574418739,1.0006563574418739,0.0
377,8,220361,0.0007895478556747548,0.0007895478556747548,1.0,0.9989789481804856,1.0005367612690086,1.0005367612690086,0.0
378,8,229647,0.0007341005039052106,0.0007341005039052106,1.0,0.9990245899140855,1.0006042732160665,1.0006042732160665,0.0
379,8,238544,0.00071237854717765,0.00071237854717765,1.0,0.9988136360587565,1.0003982821303408,1.0003982821303408,0.0
380,8,224984,0.000697925228450913,0.000697925228450913,1.0,0.999106603136223,1.0006170490873796,1.0006170490873796,0.0
381,8,212362,0.0006902382810949348,0.0006902382810949348,0.9999952910596057,0.9990487940403651,1.0005641531323872,1.0005641531323872,0.0
382,8,243632,0.0007700272071815562,0.0007700272071815562,1.0,0.9990723714454587,1.0004182072629006,1.0004182072629006,0.0
383,8,225553,0.0006729329688823782,0.0006729329688823782,1.0,0.9990822556117631,1.0005357405604227,1.0005357405604227,0.0
384,8,230058,0.0007010531371633988,0.0007010531371633988,1.0,0.9989176642411913,1.000488811856684,1.000488811856684,0.0
385,8,204587,0.0007311739900615066,0.0007311739900615066,1.0,0.9990908513248642,1.0006562477851721,1.0006562477851721,0.0
386,8,243820,0.0007127110002329573,0.0007127110002329573,1.0,0.9989377409564433,1.0007150911148592,1.0007150911148592,0.0
387,8,226246,0.0007462204521289095,0.0007462204521289095,1.0,0.9988817481856033,1.0004991196667565,1.0004991196667565,0.0
388,8,240925,0.0006613340738113038,0.0006613340738113038,0.9999958493307046,0.9990121407076891,1.000730400247743,1.000730400247743,0.0
389,8,237953,0.0007637974849785678,0.0007637974849785678,1.0,0.9989115497598265,1.0003520218212736,1.0003520218212736,0.0
390,8,217267,0.0007848757522879168,0.0007848757522879168,1.0,0.9988493420537864,1.0004891015432624,1.0004891015432624,0.0
391,8,210325,0.000776139298977796,0.000776139298977796,1.0,0.998968263401878,1.0005211800190181,1.0005211800190181,0.0
392,8,222061,0.0008141482976498082,0.0008141482976498082,1.0,0.9988786864870464,1.0005231090077726,1.0005231090077726,0.0
393,8,225698,0.0006787580496165901,0.0006787580496165901,1.0,0.9990030926282023,1.00045644857841,1.00045644857841,0.0
394,8,219622,0.0007076896945363842,0.0007076896945363842,1.0,0.9990119386946663,1.0005240982944559,1.0005240982944559,0.0
395,8,225967,0.0006721332101733424,0.0006721332101733424,1.0,0.9990441082104909,1.000491230813017,1.000491230813017,0.0
396,8,225096,0.0007728662822046317,0.0007728662822046317,1.0,0.9990137541315706,1.00069112872952,1.00069112872952,0.0
397,8,218421,0.0007864550498197787,0.0007864550498197787,1.0,0.9989469876980693,1.0006274436752876,1.0006274436752876,0.0
398,8,207759,0.0007512383308494464,0.0007512383308494464,0.9999903734615588,0.9991576778863972,1.0005318615484167,1.0005318615484167,0.0
399,8,217594,0.0008025416900636628,0.0008025416900636628,1.0,0.9989705598499958,1.0004789731320143,1.0004789731320143,0.0
400,8,241700,0.0007183855123003013,0.0007183855123003013,1.0,0.998820852296235,1.0004619217392428,1.0004619217392428,0.0
401,8,228304,0.0006641557156399358,0.0006641557156399358,1.0,0.9992071974209825,1.0005996792858973,1.0005996792858973,0.0
402,8,201116,0.0007253728326759301,0.0007253728326759301,1.0,0.9991298554068299,1.0004824446774498,1.0004824446774498,0.0
403,8,218162,0.000773884319642093,0.000773884319642093,1.0,0.9990419963146653,1.0005090200315592,1.0005090200315592,0.0
404,8,233497,0.0006609614829358179,0.0006609614829358179,1.0,0.9991348925253858,1.0005185090707804,1.0005185090707804,0.0
405,8,203176,0.0007748652860755101,0.0007748652860755101,0.9999950781588377,0.9991140685907784,1.0005357404879267,1.0005357404879267,0.0
406,8,226120,0.000732113556296099,0.000732113556296099,1.0,0.9991730054838139,1.0003835853888423,1.0003835853888423,0.0
407,8,198725,0.0007722789305262268,0.0007722789305262268,1.0,0.998636306453642,1.0008887517297773,1.0008887517297773,0.0
408,8,228664,0.0006848081102361903,0.0006848081102361903,0.9999956267711577,0.998902319560578,1.00060195103405,1.00060195103405,0.0
409,8,210740,0.0007493400553357787,0.0007493400553357787,1.0,0.9992312802505458,1.0004588231128997,1.0004588231128997,0.0
410,8,225864,0.000773290594224818,0.000773290594224818,0.9999867176708107,0.9988355824744094,1.0005610616690244,1.0005610616690244,0.0
411,8,201845,0.0008236112480517477,0.0008236112480517477,0.9999900914067725,0.9989150090415914,1.0003097596546855,1.0003097596546855,0.0
412,8,225513,0.0007135227497201413,0.0007135227497201413,1.0,0.9989224567984994,1.000588372053385,1.000588372053385,0.0
413,8,200070,0.0007898135954746976,0.0007898135954746976,1.0,0.9990303393812165,1.0005223464756086,1.0005223464756086,0.0
414,8,246313,0.0007277473778231069,0.0007277473778231069,1.0,0.9989728516156273,1.0006749780132393,1.0006749780132393,0.0
415,8,233489,0.0006748987798346207,0.0006748987798346207,0.9999957171429917,0.999053488601176,1.0005786624985544,1.0005786624985544,0.0
416,8,242798,0.0007185189533629455,0.0007185189533629455,1.0,0.9992627616372458,1.0004120902458011,1.0004120902458011,0.0
417,8,225106,0.0006899477302795276,0.0006899477302795276,1.0,0.999111529679351,1.000438821044308,1.000438821044308,0.0
418,8,236144,0.0006607392351725139,0.0006607392351725139,1.0,0.9988905074869571,1.0007348038961397,1.0007348038961397,0.0
419,8,209510,0.0007236967358039692,0.0007236967358039692,1.0,0.9988687890792802,1.0005597044144672,1.0005597044144672,0.0
420,8,195727,0.0006652840456808917,0.0006652840456808917,1.0,0.9991314432858012,1.0006082591281478,1.0006082591281478,0.0
421,8,191167,0.0006802700299886055,0.0006802700299886055,1.0,0.9991630354611413,1.0003926693921414,1.0003926693921414,0.0
422,8,197967,0.0007536938792327419,0.0007536938792327419,1.0,0.9991008602443842,1.0005834404376739,1.0005834404376739,0.0
423,8,215784,0.0006796796697017271,0.0006796796697017271,1.0,0.9991658324991658,1.0003078708048325,1.0003078708048325,0.0
424,8,204128,0.0006583799768122844,0.0006583799768122844,1.0,0.9991622903276376,1.0004862815090287,1.0004862815090287,0.0
425,8,227447,0.0007476717728422955,0.0007476717728422955,1.0,0.998927222605706,1.000637876110973,1.000637876110973,0.0
426,8,214554,0.0006286353527684696,0.0006286353527684696,1.0,0.9992169803406136,1.0005531687608364,1.0005531687608364,0.0
427,8,224495,0.0006429228524211794,0.0006429228524211794,1.0,0.9990690215817725,1.0005192774685963,1.0005192774685963,0.0
428,8,236064,0.000744404605939053,0.000744404605939053,1.0,0.9990638132031991,1.0005949707362198,1.0005949707362198,0.0
429,8,233566,0.0006597301544388756,0.0006597301544388756,1.0,0.9991051779796717,1.0006041311329026,1.0006041311329026,0.0
430,8,222641,0.0006577850290341303,0.0006577850290341303,0.9999955084642991,0.9991466082168154,1.000394180506679,1.000394180506679,0.0
431,8,214014,0.000678044594678795,0.000678044594678795,1.0,0.9989673572756922,1.0006035491544947,1.0006035491544947,0.0
432,8,245084,0.000688190761138685,0.000688190761138685,1.0,0.9990941881150952,1.0004646127067658,1.0004646127067658,0.0
433,8,210753,0.0007765218106214888,0.0007765218106214888,1.0,0.9989798484481834,1.0004953684674713,1.0004953684674713,0.0
434,8,225222,0.0007070431820466183,0.0007070431820466183,0.9999911198728366,0.9990631465842591,1.0006346689322092,1.0006346689322092,0.0
435,8,191990,0.0007665262673981488,0.0007665262673981488,0.9999947913953852,0.9988905672170425,1.0006423776140685,1.0006423776140685,0.0
436,8,191831,0.000844321220938582,0.000844321220938582,1.0,0.9990668869994943,1.0005922571495223,1.0005922571495223,0.0
437,8,212808,0.0008281636255560443,0.0008281636255560443,1.0,0.9989943987068155,1.0006793049295022,1.0006793049295022,0.0
438,8,227796,0.0007742191010038368,0.0007742191010038368,1.0,0.9987620502554918,1.00063930384807,1.00063930384807,0.0
439,8,227950,0.0007492645745514892,0.0007492645745514892,0.9999956130730423,0.9990787453388901,1.0005904186773416,1.0005904186773416,0.0
440,8,204754,0.0006677526434941683,0.0006677526434941683,1.0,0.9991111284761226,1.00048724151146,1.00048724151146,0.0
441,8,217784,0.0006894718208059203,0.0006894718208059203,1.0,0.9992607354075598,1.0005980786151645,1.0005980786151645,0.0
442,8,230086,0.0006378461912390776,0.0006378461912390776,0.9999913075980286,0.9992307224255278,1.0006706816282824,1.0006706816282824,0.0
443,8,222902,0.0007783548571751453,0.0007783548571751453,1.0,0.9990309642802666,1.0003334915680433,1.0003334915680433,0.0
444,8,199164,0.000800096539023798,0.000800096539023798,1.0,0.9988100259082967,1.0005529313703154,1.0005529313703154,0.0
445,8,229312,0.0007121972375898622,0.0007121972375898622,1.0,0.9990798562656992,1.000419597535236,1.000419597535236,0.0
446,8,222973,0.0007575258641736582,0.0007575258641736582,0.9999955151520588,0.9989550304296932,1.000553326874218,1.000553326874218,0.0
447,8,226212,0.0007795503333909437,0.0007795503333909437,1.0,0.9989788340141107,1.0006826163758995,1.0006826163758995,0.0
448,8,211569,0.0007397510053124279,0.0007397510053124279,1.0,0.9990830414663774,1.0005869003581573,1.0005869003581573,0.0
449,8,226095,0.0006907281640451401,0.0006907281640451401,1.0,0.9990269576947743,1.000652721857792,1.000652721857792,0.0
450,8,200369,0.0006833532970631495,0.0006833532970631495,1.0,0.9990467587301429,1.0005658602846499,1.0005658602846499,0.0
451,8,222637,0.0007615951690240763,0.0007615951690240763,1.0,0.9988995539824916,1.0005270718843904,1.0005270718843904,0.0
452,8,237078,0.0007212080054159742,0.0007212080054159742,1.0,0.9989159685841791,1.0006019083118214,1.0006019083118214,0.0
453,8,196487,0.0007235600642161444,0.0007235600642161444,1.0,0.9989770315593398,1.0004621508833917,1.0004621508833917,0.0
454,8,215590,0.0007761300730635412,0.0007761300730635412,1.0,0.9989192448629343,1.0004771653152396,1.0004771653152396,0.0
455,8,224143,0.0006809414917370304,0.0006809414917370304,1.0,0.9990229451733937,1.0005908964924177,1.0005908964924177,0.0
456,8,185266,0.0008988003464764915,0.0008988003464764915,1.0,0.9989204711064091,1.0007754897012944,1.0007754897012944,0.0
457,8,247938,0.0007266349857673049,0.0007266349857673049,1.0,0.9988384192822399,1.0005926380788746,1.0005926380788746,0.0
458,8,236218,0.0007647230013390072,0.0007647230013390072,1.0,0.9988612214141175,1.0004560678920003,1.0004560678920003,0.0
459,8,226074,0.0007471188364434056,0.0007471188364434056,1.0,0.9990180206481064,1.0004137844176575,1.0004137844176575,0.0
460,8,217998,0.0006654537137364969,0.0006654537137364969,1.0,0.9989999908256039,1.0005142947842411,1.0005142947842411,0.0
461,8,210966,0.0007724040406174026,0.0007724040406174026,1.0,0.9989002967302788,1.0006511805367926,1.0006511805367926,0.0
462,8,228261,0.000688198211719282,0.000688198211719282,1.0,0.9987601911846526,1.0007618745646432,1.0007618745646432,0.0
463,8,200909,0.0007345642225118354,0.0007345642225118354,0.9999950226221822,0.9988552031019019,1.0007136801518348,1.0007136801518348,0.0
464,8,228368,0.0006902800159878097,0.0006902800159878097,0.9999956211027815,0.9990760526868914,1.000505638617002,1.000505638617002,0.0
465,8,222928,0.0007562398750451393,0.0007562398750451393,1.0,0.9989548194932893,1.0006454315546949,1.0006454315546949,0.0
466,8,230778,0.0007034864611341618,0.0007034864611341618,1.0,0.9990467028919567,1.0006907553268185,1.0006907553268185,0.0
467,8,234349,0.0006885842376505025,0.0006885842376505025,0.9999957328599652,0.9989161464311774,1.000596757867006,1.000596757867006,0.0
468,8,216334,0.0006759210955351591,0.0006759210955351591,1.0,0.9990477687279854,1.0006687115250608,1.0006687115250608,0.0
469,8,238177,0.0007137913125916384,0.0007137913125916384,1.0,0.9989545590044379,1.0006442162761309,1.0006442162761309,0.0
470,8,226342,0.0007084917779138777,0.0007084917779138777,1.0,0.9990633642894381,1.0005950014938676,1.0005950014938676,0.0
471,8,217461,0.0006673181269434281,0.0006673181269434281,0.9999908029485747,0.999089491908894,1.0004928685488432,1.0004928685488432,0.0
472,8,230738,0.0007159169763326645,0.0007159169763326645,0.9999956660801429,0.9992112265859979,1.0002489168247644,1.0002489168247644,0.0
473,8,206556,0.0007801526080584154,0.0007801526080584154,1.0,0.9990607873893762,1.0007122765739074,1.0007122765739074,0.0
474,8,223942,0.0007671018247492611,0.0007671018247492611,1.0,0.9989729483526985,1.0005799143863143,1.0005799143863143,0.0
475,8,231589,0.0006577553394890856,0.0006577553394890856,1.0,0.9991320831300278,1.000628335650657,1.000628335650657,0.0
476,8,212685,0.0007715007559454534,0.0007715007559454534,1.0,0.9989091849448716,1.0004579514966383,1.0004579514966383,0.0
477,8,222791,0.0007732958983979188,0.0007732958983979188,1.0,0.9990304814826452,1.0004555751662993,1.0004555751662993,0.0
478,8,240094,0.0007192057091742754,0.0007192057091742754,1.0,0.9989337509475456,1.0005604982449583,1.0005604982449583,0.0
479,8,230506,0.000726804144505877,0.000726804144505877,0.9999956617181331,0.9989284443788882,1.0005957257484621,1.0005957257484621,0.0
480,8,232347,0.0007214711949927732,0.0007214711949927732,1.0,0.9990488364386026,1.000531465329873,1.000531465329873,0.0
481,8,205016,0.0007444747170666233,0.0007444747170666233,0.9999951223319156,0.9988683810044094,1.0005571687849972,1.0005571687849972,0.0
482,8,227047,0.0006942326872376725,0.0006942326872376725,1.0,0.9990090157544473,1.0005436477634586,1.0005436477634586,0.0
483,8,233098,0.0006392545728886034,0.0006392545728886034,1.0,0.9988588490677741,1.0006492876654884,1.0006492876654884,0.0
484,8,214766,0.000692223991791252,0.000692223991791252,0.999995343769498,0.9990454727470829,1.0003117673712318,1.0003117673712318,0.0
485,8,204027,0.000729134859284386,0.000729134859284386,1.0,0.9989609218387763,1.0005539200617444,1.0005539200617444,0.0
486,8,215468,0.0007343624274653848,0.0007343624274653848,1.0,0.9989047097480832,1.0007629921409444,1.0007629921409444,0.0
487,8,192761,0.0007558658253401518,0.0007558658253401518,1.0,0.9989365068660154,1.0005950535896784,1.0005950535896784,0.0
488,8,249893,0.0006328794261207804,0.0006328794261207804,1.0,0.9988995289984113,1.0005806938494675,1.0005806938494675,0.0
489,8,228818,0.0007569100198452361,0.0007569100198452361,1.0,0.9989904640369202,1.0016324083510149,1.0016324083510149,0.0
490,8,247450,0.0006815428423578851,0.0006815428423578851,1.0,0.9990583956354819,1.0004588955786522,1.0004588955786522,0.0
491,8,219116,0.0007635181318619289,0.0007635181318619289,1.0,0.9986719363259643,1.0006928675193734,1.0006928675193734,0.0
492,8,204378,0.0007447413008776493,0.0007447413008776493,1.0,0.9990801358267524,1.0005682256040278,1.0005682256040278,0.0
493,8,221815,0.0006727715008310042,0.0006727715008310042,0.999995491738611,0.9992741699163717,1.000464183624304,1.000464183624304,0.0
494,8,210588,0.0006705889609293081,0.0006705889609293081,1.0,0.9990455296598096,1.000473418661379,1.000473418661379,0.0
495,8,211476,0.0006822305804234929,0.0006822305804234929,1.0,0.9991110102328397,1.0005229427630085,1.0005229427630085,0.0
496,8,212004,0.000649182780762203,0.000649182780762203,1.0,0.9992924661798834,1.0004112724583027,1.0004112724583027,0.0
497,8,242499,0.0007413139501295518,0.0007413139501295518,1.0,0.9989072119885031,1.000995139412946,1.000995139412946,0.0
498,8,219430,0.0007778104481985793,0.0007778104481985793,1.0,0.9987558674748211,1.0003971538118648,1.0003971538118648,0.0
499,8,241239,0.0006695323245367035,0.0006695323245367035,0.9999917094665456,0.9988641969167507,1.0005102159450794,1.0005102159450794,0.0
500,8,225722,0.0007137574102671351,0.0007137574102671351,1.0,0.9989544661131835,1.0005823933173328,1.0005823933173328,0.0
501,8,218217,0.0008099590268102475,0.0008099590268102475,1.0,0.9990651507444425,1.0004853567134435,1.0004853567134435,0.0
502,8,220663,0.0007213134449557401,0.0007213134449557401,1.0,0.9990075363790033,1.0006022245318653,1.0006022245318653,0.0
503,8,217192,0.0008301442430820316,0.0008301442430820316,1.0,0.998885778481712,1.0004612899027703,1.0004612899027703,0.0
504,8,203663,0.0006600194392376579,0.0006600194392376579,1.0,0.9990032553777564,1.0004769818508394,1.0004769818508394,0.0
505,8,216308,0.0006831176287960261,0.0006831176287960261,0.9999953769624794,0.9990060469330769,1.0005748367923286,1.0005748367923286,0.0
506,8,261723,0.0006404933228623122,0.0006404933228623122,1.0,0.9989378082935011,1.0006692876390306,1.0006692876390306,0.0
507,8,183259,0.0007759510408504866,0.0007759510408504866,1.0,0.9989359322052396,1.0006422294999837,1.0006422294999837,0.0
508,8,212800,0.0007460686174454167,0.0007460686174454167,1.0,0.9991588345864661,1.0005259899626997,1.0005259899626997,0.0
509,8,200642,0.0007393372361548245,0.0007393372361548245,1.0,0.999107863757339,1.0004981275729907,1.0004981275729907,0.0
510,8,217424,0.000582662320084637,0.000582662320084637,1.0,0.9990709397306645,1.0003910714562905,1.0003910714562905,0.0
511,8,216543,0.0007206498776213266,0.0007206498776213266,0.9999953819795606,0.9991179580960825,1.0005164516256586,1.0005164516256586,0.0
512,8,232480,0.0006973907657084055,0.0006973907657084055,1.0,0.999148313833448,1.0005868532373752,1.0005868532373752,0.0
513,8,223324,0.0007545089683844708,0.0007545089683844708,1.0,0.999082051190199,1.0004836810111095,1.0004836810111095,0.0
514,8,227221,0.0007290095745702274,0.0007290095745702274,1.0,0.9987809225379697,1.0005196448336642,1.0005196448336642,0.0
515,8,182878,0.0007159380329539999,0.0007159380329539999,0.9999890637474164,0.9988134165946697,1.002538844629343,1.002538844629343,0.0
516,8,220929,0.0007322101082536392,0.0007322101082536392,0.9999909473179166,0.9988955727858271,1.0004134794860566,1.0004134794860566,0.0
517,8,219695,0.0006538522284245118,0.0006538522284245118,1.0,0.9990805434807346,1.0005872932503015,1.0005872932503015,0.0
518,8,221792,0.0006837737382738851,0.0006837737382738851,1.0,0.9988728177752129,1.000661849700395,1.000661849700395,0.0
519,8,234749,0.0007724381575826555,0.0007724381575826555,1.0,0.9989350327370936,1.0004533432517284,1.0004533432517284,0.0
520,8,240922,0.0006734514427080285,0.0006734514427080285,0.9999958492790197,0.9989291139870996,1.000586954102365,1.000586954102365,0.0
521,8,203896,0.0006799053007853217,0.0006799053007853217,1.0,0.9991024836190999,1.0004563639367618,1.0004563639367618,0.0
522,8,220305,0.0008028944575926289,0.0008028944575926289,1.0,0.9989923061210595,1.000467662197011,1.000467662197011,0.0
523,8,246211,0.0006555962390848435,0.0006555962390848435,1.0,0.998984610760689,1.0004730880918704,1.0004730880918704,0.0
524,8,231666,0.0006884846698085312,0.0006884846698085312,1.0,0.9991107888080254,1.000449111847714,1.000449111847714,0.0
525,8,220293,0.0007064697274472564,0.0007064697274472564,1.0,0.9989650147757759,1.0004680201481664,1.0004680201481664,0.0
526,8,233432,0.0007731978839728981,0.0007731978839728981,1.0,0.9989932828403989,1.0003931652204925,1.0003931652204925,0.0
527,8,223564,0.0007272324291989207,0.0007272324291989207,1.0,0.9989846307992343,1.0005715033642493,1.0005715033642493,0.0
528,8,230548,0.0008946057860157453,0.0008946057860157453,0.9999913250169162,0.9988592397244825,1.0005372178122884,1.0005372178122884,0.0
529,8,238714,0.0007000414734648075,0.0007000414734648075,1.0,0.999061638613571,1.0004930635483256,1.0004930635483256,0.0
530,8,215088,0.0006367004643834662,0.0006367004643834662,1.0,0.9991212898906494,1.0005345740754947,1.0005345740754947,0.0
531,8,244028,0.0007036357710603625,0.0007036357710603625,1.0,0.9989550379464651,1.0004702729425516,1.0004702729425516,0.0
532,8,224708,0.0006453217283706181,0.0006453217283706181,1.0,0.999109956031828,1.0004473427041984,1.0004473427041984,0.0
533,8,204694,0.0007776501515763812,0.0007776501515763812,0.9999951146589543,0.9990424731550509,1.0005170446495746,1.0005170446495746,0.0
534,8,234856,0.0007603404883411713,0.0007603404883411713,1.0,0.998927002077869,1.0005174547116105,1.0005174547116105,0.0
535,8,253379,0.0006849908240837976,0.0006849908240837976,1.0,0.9990330690388706,1.000619355355515,1.000619355355515,0.0
536,8,220890,0.0007458198815584183,0.0007458198815584183,0.9999954728597945,0.99872334646204,1.0005798055239599,1.0005798055239599,0.0
537,8,226431,0.0006689070578431711,0.0006689070578431711,1.0,0.9990593160830452,1.0004492348800518,1.0004492348800518,0.0
538,8,211624,0.0007177356565080117,0.0007177356565080117,1.0,0.9990360261596039,1.0005922761300703,1.0005922761300703,0.0
539,8,227254,0.0006221501971594989,0.0006221501971594989,1.0,0.9992035343712322,1.0003975882300202,1.0003975882300202,0.0
540,8,227816,0.0007627156446687877,0.0007627156446687877,0.9999956104926783,0.9988192225304632,1.0005007038986506,1.0005007038986506,0.0
541,8,198060,0.0008422428509220481,0.0008422428509220481,1.0,0.9991568211653035,1.0008567183713268,1.0008567183713268,0.0
542,8,228643,0.0007438433603965677,0.0007438433603965677,1.0,0.9989328341563048,1.000538827861557,1.000538827861557,0.0
543,8,229224,0.0007000351761234924,0.0007000351761234924,1.0,0.9991144033783548,1.000271922026871,1.000271922026871,0.0
544,8,226901,0.0007342577337112743,0.0007342577337112743,1.0,0.9988981978924729,1.0004885029015957,1.0004885029015957,0.0
