step,training_avg_at_8,training_reward,prompts,responses
1,0.06640625,-0.619140625,32,256
2,0.0703125,-0.66796875,32,256
3,0.0546875,-0.677734375,32,256
4,0.046875,-0.68359375,32,256
5,0.05859375,-0.6640625,32,256
6,0.02734375,-0.72265625,32,256
7,0.05078125,-0.654296875,32,256
8,0.08203125,-0.611328125,32,256
9,0.05078125,-0.6796875,32,256
10,0.0703125,-0.630859375,32,256
11,0.0390625,-0.64453125,32,256
12,0.046875,-0.685546875,32,256
13,0.07421875,-0.62109375,32,256
14,0.07421875,-0.654296875,32,256
15,0.07421875,-0.646484375,32,256
16,0.06640625,-0.609375,32,256
17,0.07421875,-0.640625,32,256
18,0.0703125,-0.626953125,32,256
19,0.05078125,-0.646484375,32,256
20,0.05859375,-0.6328125,32,256
21,0.0625,-0.5859375,32,256
22,0.1015625,-0.53125,32,256
23,0.08203125,-0.53515625,32,256
24,0.1875,-0.375,32,256
25,0.078125,-0.51953125,32,256
26,0.10546875,-0.486328125,32,256
27,0.11328125,-0.455078125,32,256
28,0.12890625,-0.421875,32,256
29,0.171875,-0.373046875,32,256
30,0.09375,-0.458984375,32,256
31,0.12109375,-0.427734375,32,256
32,0.125,-0.42578125,32,256
33,0.16015625,-0.35546875,32,256
34,0.18359375,-0.34375,32,256
35,0.24609375,-0.212890625,32,256
36,0.17578125,-0.33984375,32,256
37,0.18359375,-0.302734375,32,256
38,0.1875,-0.296875,32,256
39,0.14453125,-0.349609375,32,256
40,0.14453125,-0.361328125,32,256
41,0.2421875,-0.208984375,32,256
42,0.14453125,-0.35546875,32,256
43,0.09765625,-0.431640625,32,256
44,0.15625,-0.345703125,32,256
45,0.13671875,-0.35546875,32,256
46,0.1953125,-0.259765625,32,256
47,0.12109375,-0.38671875,32,256
48,0.21484375,-0.234375,32,256
49,0.13671875,-0.341796875,32,256
50,0.078125,-0.4296875,32,256
51,0.13671875,-0.353515625,32,256
52,0.1640625,-0.302734375,32,256
53,0.16796875,-0.298828125,32,256
54,0.23828125,-0.19140625,32,256
55,0.203125,-0.236328125,32,256
56,0.21875,-0.228515625,32,256
57,0.171875,-0.279296875,32,256
58,0.15625,-0.314453125,32,256
59,0.2890625,-0.11328125,32,256
60,0.2578125,-0.13671875,32,256
61,0.2109375,-0.224609375,32,256
62,0.21875,-0.1953125,32,256
63,0.2265625,-0.197265625,32,256
64,0.15234375,-0.30859375,32,256
65,0.25,-0.1640625,32,256
66,0.2265625,-0.19140625,32,256
67,0.234375,-0.16796875,32,256
68,0.26953125,-0.1171875,32,256
69,0.15625,-0.294921875,32,256
70,0.14453125,-0.314453125,32,256
71,0.25390625,-0.1484375,32,256
72,0.09765625,-0.376953125,32,256
73,0.21875,-0.1953125,32,256
74,0.22265625,-0.1875,32,256
75,0.20703125,-0.212890625,32,256
76,0.18359375,-0.2421875,32,256
77,0.17578125,-0.275390625,32,256
78,0.203125,-0.240234375,32,256
79,0.14453125,-0.3125,32,256
80,0.2421875,-0.15625,32,256
81,0.17578125,-0.263671875,32,256
82,0.21484375,-0.1953125,32,256
83,0.23828125,-0.158203125,32,256
84,0.19921875,-0.234375,32,256
85,0.23828125,-0.16015625,32,256
86,0.2421875,-0.150390625,32,256
87,0.2734375,-0.111328125,32,256
88,0.28515625,-0.080078125,32,256
89,0.20703125,-0.208984375,32,256
90,0.1875,-0.23828125,32,256
91,0.1171875,-0.3515625,32,256
92,0.18359375,-0.234375,32,256
93,0.25390625,-0.134765625,32,256
94,0.203125,-0.22265625,32,256
95,0.296875,-0.07421875,32,256
96,0.2109375,-0.208984375,32,256
97,0.15625,-0.29296875,32,256
98,0.16796875,-0.271484375,32,256
99,0.26953125,-0.10546875,32,256
100,0.2890625,-0.076171875,32,256
101,0.26953125,-0.12890625,32,256
102,0.23828125,-0.162109375,32,256
103,0.24609375,-0.1484375,32,256
104,0.22265625,-0.197265625,32,256
105,0.27734375,-0.10546875,32,256
106,0.14453125,-0.298828125,32,256
107,0.2421875,-0.150390625,32,256
108,0.1015625,-0.361328125,32,256
109,0.3046875,-0.05078125,32,256
110,0.359375,0.02734375,32,256
111,0.20703125,-0.203125,32,256
112,0.24609375,-0.140625,32,256
113,0.21484375,-0.1953125,32,256
114,0.2421875,-0.146484375,32,256
115,0.1875,-0.234375,32,256
116,0.25,-0.14453125,32,256
117,0.265625,-0.12109375,32,256
118,0.28125,-0.0859375,32,256
119,0.140625,-0.3125,32,256
120,0.18359375,-0.236328125,32,256
121,0.26953125,-0.10546875,32,256
122,0.24609375,-0.146484375,32,256
123,0.26953125,-0.107421875,32,256
124,0.234375,-0.158203125,32,256
125,0.28125,-0.083984375,32,256
126,0.25,-0.134765625,32,256
127,0.234375,-0.158203125,32,256
128,0.24609375,-0.14453125,32,256
129,0.16796875,-0.259765625,32,256
130,0.21484375,-0.19921875,32,256
131,0.1640625,-0.267578125,32,256
132,0.19140625,-0.23046875,32,256
133,0.25,-0.140625,32,256
134,0.125,-0.33203125,32,256
135,0.31640625,-0.041015625,32,256
136,0.1875,-0.25,32,256
137,0.25390625,-0.130859375,32,256
138,0.26171875,-0.1171875,32,256
139,0.28125,-0.083984375,32,256
140,0.2421875,-0.1484375,32,256
141,0.16796875,-0.259765625,32,256
142,0.17578125,-0.259765625,32,256
143,0.19140625,-0.220703125,32,256
144,0.2578125,-0.126953125,32,256
145,0.265625,-0.10546875,32,256
146,0.19921875,-0.216796875,32,256
147,0.24609375,-0.142578125,32,256
148,0.265625,-0.11328125,32,256
149,0.234375,-0.154296875,32,256
150,0.265625,-0.1171875,32,256
151,0.1640625,-0.259765625,32,256
152,0.28125,-0.08984375,32,256
153,0.1875,-0.22265625,32,256
154,0.23046875,-0.169921875,32,256
155,0.21484375,-0.193359375,32,256
156,0.296875,-0.068359375,32,256
157,0.22265625,-0.173828125,32,256
158,0.12890625,-0.31640625,32,256
159,0.33984375,0.001953125,32,256
160,0.28515625,-0.08984375,32,256
161,0.1484375,-0.2890625,32,256
162,0.20703125,-0.208984375,32,256
163,0.1796875,-0.240234375,32,256
164,0.25390625,-0.125,32,256
165,0.21875,-0.19140625,32,256
166,0.24609375,-0.14453125,32,256
167,0.203125,-0.208984375,32,256
168,0.23046875,-0.169921875,32,256
169,0.20703125,-0.197265625,32,256
170,0.29296875,-0.0703125,32,256
171,0.26171875,-0.109375,32,256
172,0.171875,-0.255859375,32,256
173,0.13671875,-0.310546875,32,256
174,0.2109375,-0.1953125,32,256
175,0.37890625,0.0546875,32,256
176,0.25390625,-0.125,32,256
177,0.2109375,-0.193359375,32,256
178,0.1875,-0.23046875,32,256
179,0.203125,-0.203125,32,256
180,0.27734375,-0.08984375,32,256
181,0.17578125,-0.240234375,32,256
182,0.27734375,-0.095703125,32,256
183,0.26171875,-0.115234375,32,256
184,0.18359375,-0.240234375,32,256
185,0.22265625,-0.1796875,32,256
186,0.23828125,-0.158203125,32,256
187,0.25,-0.140625,32,256
188,0.22265625,-0.18359375,32,256
189,0.28125,-0.1015625,32,256
190,0.23046875,-0.1640625,32,256
191,0.22265625,-0.1796875,32,256
192,0.16015625,-0.263671875,32,256
193,0.20703125,-0.19921875,32,256
194,0.23046875,-0.169921875,32,256
195,0.2265625,-0.162109375,32,256
196,0.234375,-0.15625,32,256
197,0.328125,-0.009765625,32,256
198,0.20703125,-0.201171875,32,256
199,0.28515625,-0.091796875,32,256
200,0.22265625,-0.171875,32,256
201,0.29296875,-0.06640625,32,256
202,0.11328125,-0.345703125,32,256
203,0.20703125,-0.19921875,32,256
204,0.26171875,-0.119140625,32,256
205,0.19921875,-0.21484375,32,256
206,0.32421875,-0.01953125,32,256
207,0.30078125,-0.0546875,32,256
208,0.22265625,-0.173828125,32,256
209,0.2109375,-0.189453125,32,256
210,0.26171875,-0.125,32,256
211,0.2109375,-0.189453125,32,256
212,0.2578125,-0.119140625,32,256
213,0.2578125,-0.12109375,32,256
214,0.1953125,-0.212890625,32,256
215,0.2734375,-0.10546875,32,256
216,0.25,-0.13671875,32,256
217,0.26171875,-0.115234375,32,256
218,0.171875,-0.2578125,32,256
219,0.1640625,-0.263671875,32,256
220,0.33984375,-0.009765625,32,256
221,0.28515625,-0.083984375,32,256
222,0.29296875,-0.0703125,32,256
223,0.2265625,-0.171875,32,256
224,0.20703125,-0.203125,32,256
225,0.1953125,-0.220703125,32,256
226,0.18359375,-0.23828125,32,256
227,0.2421875,-0.1484375,32,256
228,0.2890625,-0.076171875,32,256
229,0.26171875,-0.1171875,32,256
230,0.24609375,-0.138671875,32,256
231,0.2890625,-0.080078125,32,256
232,0.1796875,-0.234375,32,256
233,0.2265625,-0.1796875,32,256
234,0.23828125,-0.158203125,32,256
235,0.29296875,-0.0625,32,256
236,0.17578125,-0.251953125,32,256
237,0.22265625,-0.181640625,32,256
238,0.13671875,-0.3046875,32,256
239,0.23046875,-0.16015625,32,256
240,0.21875,-0.1875,32,256
241,0.23046875,-0.158203125,32,256
242,0.2265625,-0.177734375,32,256
243,0.1953125,-0.21875,32,256
244,0.40234375,0.091796875,32,256
245,0.3203125,-0.025390625,32,256
246,0.30078125,-0.0546875,32,256
247,0.2734375,-0.1015625,32,256
248,0.234375,-0.16015625,32,256
249,0.30078125,-0.060546875,32,256
250,0.19140625,-0.228515625,32,256
251,0.3046875,-0.05078125,32,256
252,0.21875,-0.18359375,32,256
253,0.328125,-0.015625,32,256
254,0.15234375,-0.28125,32,256
255,0.23828125,-0.15234375,32,256
256,0.3203125,-0.025390625,32,256
257,0.2109375,-0.1875,32,256
258,0.3984375,0.087890625,32,256
259,0.3515625,0.017578125,32,256
260,0.37109375,0.04296875,32,256
261,0.3515625,0.017578125,32,256
262,0.1640625,-0.26171875,32,256
263,0.2734375,-0.107421875,32,256
264,0.21484375,-0.1875,32,256
265,0.34765625,0.005859375,32,256
266,0.265625,-0.107421875,32,256
267,0.328125,-0.01953125,32,256
268,0.3046875,-0.046875,32,256
269,0.2421875,-0.15625,32,256
270,0.36328125,0.044921875,32,256
271,0.15625,-0.279296875,32,256
272,0.21484375,-0.181640625,32,256
273,0.31640625,-0.033203125,32,256
274,0.2734375,-0.099609375,32,256
275,0.16796875,-0.251953125,32,256
276,0.1875,-0.232421875,32,256
277,0.21875,-0.181640625,32,256
278,0.26953125,-0.099609375,32,256
279,0.27734375,-0.1015625,32,256
280,0.23828125,-0.158203125,32,256
281,0.234375,-0.150390625,32,256
282,0.25,-0.126953125,32,256
283,0.22265625,-0.177734375,32,256
284,0.21875,-0.17578125,32,256
285,0.1875,-0.234375,32,256
286,0.25,-0.134765625,32,256
287,0.2890625,-0.072265625,32,256
288,0.25390625,-0.126953125,32,256
289,0.2734375,-0.10546875,32,256
290,0.29296875,-0.07421875,32,256
291,0.30859375,-0.041015625,32,256
292,0.15625,-0.267578125,32,256
293,0.2109375,-0.193359375,32,256
294,0.17578125,-0.2421875,32,256
295,0.29296875,-0.068359375,32,256
296,0.2578125,-0.123046875,32,256
297,0.20703125,-0.19921875,32,256
298,0.15625,-0.271484375,32,256
299,0.1875,-0.2265625,32,256
300,0.30859375,-0.044921875,32,256
301,0.25390625,-0.119140625,32,256
302,0.22265625,-0.169921875,32,256
303,0.2734375,-0.095703125,32,256
304,0.2109375,-0.189453125,32,256
305,0.19140625,-0.2265625,32,256
306,0.265625,-0.111328125,32,256
307,0.375,0.060546875,32,256
308,0.234375,-0.154296875,32,256
309,0.2734375,-0.103515625,32,256
310,0.20703125,-0.1953125,32,256
311,0.30859375,-0.04296875,32,256
312,0.33203125,-0.00390625,32,256
313,0.37890625,0.0625,32,256
314,0.26171875,-0.115234375,32,256
315,0.2734375,-0.08984375,32,256
316,0.28515625,-0.08984375,32,256
317,0.2109375,-0.189453125,32,256
318,0.3203125,-0.025390625,32,256
319,0.22265625,-0.166015625,32,256
320,0.3046875,-0.046875,32,256
321,0.23046875,-0.166015625,32,256
322,0.1640625,-0.26171875,32,256
323,0.34765625,0.017578125,32,256
324,0.3203125,-0.021484375,32,256
325,0.125,-0.328125,32,256
326,0.26953125,-0.109375,32,256
327,0.25390625,-0.12890625,32,256
328,0.2734375,-0.09375,32,256
329,0.3046875,-0.05078125,32,256
330,0.21875,-0.201171875,32,256
331,0.30078125,-0.068359375,32,256
332,0.21875,-0.17578125,32,256
333,0.22265625,-0.17578125,32,256
334,0.24609375,-0.140625,32,256
335,0.2890625,-0.076171875,32,256
336,0.2578125,-0.126953125,32,256
337,0.2734375,-0.09375,32,256
338,0.140625,-0.294921875,32,256
339,0.25,-0.130859375,32,256
340,0.31640625,-0.029296875,32,256
341,0.27734375,-0.08984375,32,256
342,0.359375,0.03515625,32,256
343,0.31640625,-0.037109375,32,256
344,0.33203125,-0.005859375,32,256
345,0.2265625,-0.166015625,32,256
346,0.29296875,-0.060546875,32,256
347,0.1953125,-0.22265625,32,256
348,0.203125,-0.201171875,32,256
349,0.203125,-0.201171875,32,256
350,0.23046875,-0.166015625,32,256
351,0.26953125,-0.107421875,32,256
352,0.3359375,-0.001953125,32,256
353,0.359375,0.033203125,32,256
354,0.1484375,-0.296875,32,256
355,0.29296875,-0.0625,32,256
356,0.203125,-0.21484375,32,256
357,0.25390625,-0.123046875,32,256
358,0.34765625,0.017578125,32,256
359,0.3125,-0.033203125,32,256
360,0.203125,-0.20703125,32,256
361,0.26953125,-0.1015625,32,256
362,0.36328125,0.03515625,32,256
363,0.26953125,-0.1015625,32,256
364,0.2578125,-0.1171875,32,256
365,0.27734375,-0.09765625,32,256
366,0.3359375,-0.005859375,32,256
367,0.2421875,-0.14453125,32,256
368,0.34375,0.005859375,32,256
369,0.30859375,-0.0390625,32,256
370,0.28125,-0.080078125,32,256
371,0.296875,-0.06640625,32,256
372,0.28515625,-0.07421875,32,256
373,0.26953125,-0.099609375,32,256
374,0.1953125,-0.216796875,32,256
375,0.1796875,-0.2421875,32,256
376,0.234375,-0.166015625,32,256
377,0.23828125,-0.15234375,32,256
378,0.27734375,-0.091796875,32,256
379,0.32421875,-0.01953125,32,256
380,0.1640625,-0.26953125,32,256
381,0.24609375,-0.138671875,32,256
382,0.3359375,-0.01171875,32,256
383,0.2734375,-0.1015625,32,256
384,0.3203125,-0.033203125,32,256
385,0.30078125,-0.056640625,32,256
386,0.19921875,-0.2109375,32,256
387,0.30078125,-0.056640625,32,256
388,0.1875,-0.234375,32,256
389,0.23828125,-0.158203125,32,256
390,0.1953125,-0.208984375,32,256
391,0.12109375,-0.3203125,32,256
392,0.28125,-0.083984375,32,256
393,0.2890625,-0.0703125,32,256
394,0.30078125,-0.0625,32,256
395,0.296875,-0.05859375,32,256
396,0.2578125,-0.1171875,32,256
397,0.35546875,0.025390625,32,256
398,0.3984375,0.091796875,32,256
399,0.22265625,-0.17578125,32,256
400,0.26953125,-0.109375,32,256
401,0.21484375,-0.181640625,32,256
402,0.27734375,-0.1015625,32,256
403,0.25390625,-0.130859375,32,256
404,0.296875,-0.06640625,32,256
405,0.39453125,0.083984375,32,256
406,0.39453125,0.083984375,32,256
407,0.33203125,-0.009765625,32,256
408,0.21484375,-0.18359375,32,256
409,0.32421875,-0.021484375,32,256
410,0.30078125,-0.05859375,32,256
411,0.2421875,-0.13671875,32,256
412,0.34765625,0.01171875,32,256
413,0.26171875,-0.111328125,32,256
414,0.2109375,-0.19921875,32,256
415,0.31640625,-0.03515625,32,256
416,0.1796875,-0.23828125,32,256
417,0.19140625,-0.22265625,32,256
418,0.25,-0.134765625,32,256
419,0.25390625,-0.125,32,256
420,0.41796875,0.123046875,32,256
421,0.42578125,0.134765625,32,256
422,0.375,0.05078125,32,256
423,0.3203125,-0.025390625,32,256
424,0.41015625,0.10546875,32,256
425,0.25390625,-0.126953125,32,256
426,0.33203125,-0.005859375,32,256
427,0.359375,0.03515625,32,256
428,0.21875,-0.1875,32,256
429,0.203125,-0.201171875,32,256
430,0.2578125,-0.1171875,32,256
431,0.30859375,-0.05078125,32,256
432,0.28125,-0.09765625,32,256
433,0.31640625,-0.029296875,32,256
434,0.1953125,-0.212890625,32,256
435,0.33203125,-0.005859375,32,256
436,0.25390625,-0.125,32,256
437,0.203125,-0.201171875,32,256
438,0.21875,-0.1875,32,256
439,0.1875,-0.228515625,32,256
440,0.30859375,-0.041015625,32,256
441,0.375,0.056640625,32,256
442,0.3125,-0.048828125,32,256
443,0.375,0.05078125,32,256
444,0.21484375,-0.185546875,32,256
445,0.26953125,-0.107421875,32,256
446,0.22265625,-0.169921875,32,256
447,0.2265625,-0.173828125,32,256
448,0.2578125,-0.125,32,256
449,0.234375,-0.15234375,32,256
450,0.265625,-0.103515625,32,256
451,0.33984375,0.00390625,32,256
452,0.24609375,-0.142578125,32,256
453,0.37890625,0.05859375,32,256
454,0.28125,-0.080078125,32,256
455,0.19921875,-0.208984375,32,256
456,0.3203125,-0.0234375,32,256
457,0.2578125,-0.119140625,32,256
458,0.21875,-0.18359375,32,256
459,0.3046875,-0.056640625,32,256
460,0.34765625,0.01953125,32,256
461,0.23828125,-0.15234375,32,256
462,0.23828125,-0.146484375,32,256
463,0.359375,0.0390625,32,256
464,0.30078125,-0.0625,32,256
465,0.234375,-0.158203125,32,256
466,0.25390625,-0.130859375,32,256
467,0.296875,-0.07421875,32,256
468,0.3828125,0.064453125,32,256
469,0.26171875,-0.123046875,32,256
470,0.19921875,-0.216796875,32,256
471,0.28515625,-0.07421875,32,256
472,0.31640625,-0.03125,32,256
473,0.2578125,-0.1171875,32,256
474,0.2265625,-0.169921875,32,256
475,0.27734375,-0.099609375,32,256
476,0.32421875,-0.021484375,32,256
477,0.2265625,-0.16796875,32,256
478,0.3203125,-0.041015625,32,256
479,0.296875,-0.068359375,32,256
480,0.265625,-0.111328125,32,256
481,0.2578125,-0.125,32,256
482,0.23046875,-0.166015625,32,256
483,0.23046875,-0.162109375,32,256
484,0.28515625,-0.07421875,32,256
485,0.34375,0.013671875,32,256
486,0.21875,-0.177734375,32,256
487,0.28125,-0.08203125,32,256
488,0.265625,-0.115234375,32,256
489,0.1953125,-0.224609375,32,256
490,0.18359375,-0.232421875,32,256
491,0.25390625,-0.125,32,256
492,0.2578125,-0.1171875,32,256
493,0.2890625,-0.078125,32,256
494,0.2421875,-0.14453125,32,256
495,0.328125,-0.009765625,32,256
496,0.44921875,0.162109375,32,256
497,0.3203125,-0.0234375,32,256
498,0.29296875,-0.064453125,32,256
499,0.19140625,-0.220703125,32,256
500,0.18359375,-0.228515625,32,256
501,0.30078125,-0.052734375,32,256
502,0.1875,-0.2265625,32,256
503,0.23828125,-0.158203125,32,256
504,0.328125,-0.013671875,32,256
505,0.40234375,0.08984375,32,256
506,0.2890625,-0.08203125,32,256
507,0.375,0.056640625,32,256
508,0.296875,-0.06640625,32,256
509,0.296875,-0.056640625,32,256
510,0.328125,-0.017578125,32,256
511,0.296875,-0.06640625,32,256
512,0.26171875,-0.125,32,256
513,0.234375,-0.158203125,32,256
514,0.23046875,-0.162109375,32,256
515,0.328125,-0.009765625,32,256
516,0.2578125,-0.12109375,32,256
517,0.26171875,-0.11328125,32,256
518,0.296875,-0.06640625,32,256
519,0.1875,-0.23046875,32,256
520,0.21484375,-0.197265625,32,256
521,0.28515625,-0.078125,32,256
522,0.12109375,-0.322265625,32,256
523,0.37890625,0.056640625,32,256
524,0.41796875,0.12109375,32,256
525,0.28125,-0.091796875,32,256
526,0.203125,-0.203125,32,256
527,0.25,-0.1328125,32,256
528,0.3125,-0.044921875,32,256
529,0.390625,0.076171875,32,256
530,0.30859375,-0.04296875,32,256
531,0.24609375,-0.140625,32,256
532,0.171875,-0.248046875,32,256
533,0.34375,0.00390625,32,256
534,0.21484375,-0.18359375,32,256
535,0.26171875,-0.125,32,256
536,0.25,-0.130859375,32,256
537,0.25,-0.134765625,32,256
538,0.21875,-0.181640625,32,256
539,0.31640625,-0.029296875,32,256
540,0.171875,-0.248046875,32,256
541,0.3046875,-0.046875,32,256
542,0.19921875,-0.208984375,32,256
543,0.32421875,-0.021484375,32,256
544,0.265625,-0.10546875,32,256
