arm,step,avg8_percent,trailing_10_mean_percent
baseline,1,8.59375,8.59375
baseline,2,17.96875,13.28125
baseline,3,12.890625,13.151041666666666
baseline,4,17.578125,14.2578125
baseline,5,20.3125,15.46875
baseline,6,20.703125,16.341145833333332
baseline,7,24.609375,17.522321428571427
baseline,8,26.953125,18.701171875
baseline,9,17.1875,18.53298611111111
baseline,10,17.96875,18.4765625
baseline,11,24.609375,20.078125
baseline,12,17.1875,20.0
baseline,13,19.53125,20.6640625
baseline,14,25.78125,21.484375
baseline,15,23.4375,21.796875
baseline,16,32.03125,22.9296875
baseline,17,37.5,24.21875
baseline,18,42.578125,25.78125
baseline,19,36.71875,27.734375
baseline,20,29.6875,28.90625
baseline,21,33.59375,29.8046875
baseline,22,25.390625,30.625
baseline,23,22.65625,30.9375
baseline,24,35.15625,31.875
baseline,25,48.828125,34.4140625
baseline,26,37.5,34.9609375
baseline,27,34.375,34.6484375
baseline,28,43.75,34.765625
baseline,29,40.234375,35.1171875
baseline,30,37.890625,35.9375
baseline,31,48.4375,37.421875
baseline,32,30.859375,37.96875
baseline,33,31.640625,38.8671875
baseline,34,29.6875,38.3203125
baseline,35,34.375,36.875
baseline,36,39.84375,37.109375
baseline,37,43.359375,38.0078125
baseline,38,42.1875,37.8515625
baseline,39,34.375,37.265625
baseline,40,38.28125,37.3046875
baseline,41,30.46875,35.5078125
baseline,42,35.546875,35.9765625
baseline,43,35.15625,36.328125
baseline,44,33.59375,36.71875
baseline,45,38.671875,37.1484375
baseline,46,40.625,37.2265625
baseline,47,39.84375,36.875
baseline,48,32.8125,35.9375
baseline,49,36.328125,36.1328125
baseline,50,40.625,36.3671875
baseline,51,30.859375,36.40625
baseline,52,25.78125,35.4296875
baseline,53,44.53125,36.3671875
baseline,54,28.515625,35.859375
baseline,55,31.640625,35.15625
baseline,56,28.90625,33.984375
baseline,57,31.25,33.125
baseline,58,39.0625,33.75
baseline,59,45.703125,34.6875
baseline,60,38.28125,34.453125
baseline,61,28.90625,34.2578125
baseline,62,50.78125,36.7578125
baseline,63,46.09375,36.9140625
baseline,64,49.21875,38.984375
baseline,65,54.6875,41.2890625
baseline,66,41.40625,42.5390625
baseline,67,39.84375,43.3984375
baseline,68,39.84375,43.4765625
baseline,69,29.6875,41.875
baseline,70,30.859375,41.1328125
baseline,71,49.21875,43.1640625
baseline,72,28.515625,40.9375
baseline,73,46.09375,40.9375
baseline,74,41.015625,40.1171875
baseline,75,30.859375,37.734375
baseline,76,37.890625,37.3828125
baseline,77,40.234375,37.421875
baseline,78,49.21875,38.359375
baseline,79,39.453125,39.3359375
baseline,80,48.046875,41.0546875
baseline,81,40.625,40.1953125
baseline,82,28.90625,40.234375
baseline,83,41.796875,39.8046875
baseline,84,36.328125,39.3359375
baseline,85,23.828125,38.6328125
baseline,86,42.578125,39.1015625
baseline,87,33.203125,38.3984375
baseline,88,54.296875,38.90625
baseline,89,38.28125,38.7890625
baseline,90,35.15625,37.5
baseline,91,42.578125,37.6953125
baseline,92,40.234375,38.828125
baseline,93,36.71875,38.3203125
baseline,94,37.109375,38.3984375
baseline,95,44.921875,40.5078125
baseline,96,34.765625,39.7265625
baseline,97,44.53125,40.859375
baseline,98,39.84375,39.4140625
baseline,99,45.3125,40.1171875
baseline,100,43.359375,40.9375
baseline,101,39.84375,40.6640625
baseline,102,43.75,41.015625
baseline,103,40.234375,41.3671875
baseline,104,37.5,41.40625
baseline,105,48.828125,41.796875
baseline,106,30.46875,41.3671875
baseline,107,55.859375,42.5
baseline,108,40.625,42.578125
baseline,109,40.234375,42.0703125
baseline,110,31.640625,40.8984375
baseline,111,42.96875,41.2109375
baseline,112,43.75,41.2109375
baseline,113,57.421875,42.9296875
baseline,114,35.546875,42.734375
baseline,115,46.09375,42.4609375
baseline,116,46.484375,44.0625
baseline,117,44.53125,42.9296875
baseline,118,39.0625,42.7734375
baseline,119,33.203125,42.0703125
baseline,120,33.59375,42.265625
baseline,121,41.40625,42.109375
baseline,122,41.796875,41.9140625
baseline,123,41.40625,40.3125
baseline,124,50.78125,41.8359375
baseline,125,45.3125,41.7578125
baseline,126,44.140625,41.5234375
baseline,127,28.515625,39.921875
baseline,128,25.0,38.515625
baseline,129,57.03125,40.8984375
baseline,130,50.390625,42.578125
baseline,131,48.828125,43.3203125
baseline,132,43.359375,43.4765625
baseline,133,37.109375,43.046875
baseline,134,41.015625,42.0703125
baseline,135,35.9375,41.1328125
baseline,136,37.109375,40.4296875
baseline,137,40.625,41.640625
baseline,138,29.6875,42.109375
baseline,139,42.96875,40.703125
baseline,140,49.609375,40.625
baseline,141,47.265625,40.46875
baseline,142,43.75,40.5078125
baseline,143,47.265625,41.5234375
baseline,144,26.953125,40.1171875
baseline,145,30.46875,39.5703125
baseline,146,30.078125,38.8671875
baseline,147,40.625,38.8671875
baseline,148,42.96875,40.1953125
baseline,149,36.71875,39.5703125
baseline,150,38.671875,38.4765625
baseline,151,39.0625,37.65625
baseline,152,32.421875,36.5234375
baseline,153,49.609375,36.7578125
baseline,154,47.265625,38.7890625
baseline,155,29.296875,38.671875
baseline,156,26.953125,38.359375
baseline,157,46.09375,38.90625
baseline,158,51.5625,39.765625
baseline,159,44.140625,40.5078125
baseline,160,32.03125,39.84375
baseline,161,59.765625,41.9140625
baseline,162,57.421875,44.4140625
baseline,163,48.828125,44.3359375
baseline,164,39.0625,43.515625
baseline,165,31.25,43.7109375
baseline,166,44.921875,45.5078125
baseline,167,37.890625,44.6875
baseline,168,50.78125,44.609375
baseline,169,51.171875,45.3125
baseline,170,31.25,45.234375
baseline,171,33.59375,42.6171875
baseline,172,41.40625,41.015625
baseline,173,33.59375,39.4921875
baseline,174,28.515625,38.4375
baseline,175,44.53125,39.765625
baseline,176,33.59375,38.6328125
baseline,177,46.875,39.53125
baseline,178,47.65625,39.21875
baseline,179,43.75,38.4765625
baseline,180,52.34375,40.5859375
baseline,181,30.859375,40.3125
baseline,182,48.4375,41.015625
baseline,183,37.109375,41.3671875
baseline,184,33.984375,41.9140625
baseline,185,48.046875,42.265625
baseline,186,35.546875,42.4609375
baseline,187,48.4375,42.6171875
baseline,188,57.03125,43.5546875
baseline,189,53.515625,44.53125
baseline,190,41.796875,43.4765625
baseline,191,44.921875,44.8828125
baseline,192,39.453125,43.984375
baseline,193,33.59375,43.6328125
baseline,194,54.296875,45.6640625
baseline,195,53.515625,46.2109375
baseline,196,32.8125,45.9375
baseline,197,48.4375,45.9375
baseline,198,33.59375,43.59375
baseline,199,32.8125,41.5234375
baseline,200,30.859375,40.4296875
pro_only,1,26.171875,26.171875
pro_only,2,13.28125,19.7265625
pro_only,3,18.75,19.401041666666668
pro_only,4,17.1875,18.84765625
pro_only,5,16.796875,18.4375
pro_only,6,17.578125,18.294270833333332
pro_only,7,15.625,17.912946428571427
pro_only,8,21.09375,18.310546875
pro_only,9,27.34375,19.31423611111111
pro_only,10,31.25,20.5078125
pro_only,11,22.265625,20.1171875
pro_only,12,30.078125,21.796875
pro_only,13,24.21875,22.34375
pro_only,14,23.4375,22.96875
pro_only,15,30.46875,24.3359375
pro_only,16,26.953125,25.2734375
pro_only,17,32.03125,26.9140625
pro_only,18,20.703125,26.875
pro_only,19,30.078125,27.1484375
pro_only,20,29.296875,26.953125
pro_only,21,30.078125,27.734375
pro_only,22,49.21875,29.6484375
pro_only,23,24.609375,29.6875
pro_only,24,43.359375,31.6796875
pro_only,25,42.1875,32.8515625
pro_only,26,35.15625,33.671875
pro_only,27,38.28125,34.296875
pro_only,28,33.203125,35.546875
pro_only,29,38.28125,36.3671875
pro_only,30,42.96875,37.734375
pro_only,31,33.203125,38.046875
pro_only,32,43.359375,37.4609375
pro_only,33,31.25,38.125
pro_only,34,33.203125,37.109375
pro_only,35,33.59375,36.25
pro_only,36,23.4375,35.078125
pro_only,37,39.453125,35.1953125
pro_only,38,23.828125,34.2578125
pro_only,39,30.078125,33.4375
pro_only,40,40.234375,33.1640625
pro_only,41,37.5,33.59375
pro_only,42,22.65625,31.5234375
pro_only,43,33.203125,31.71875
pro_only,44,34.765625,31.875
pro_only,45,32.8125,31.796875
pro_only,46,42.578125,33.7109375
pro_only,47,34.375,33.203125
pro_only,48,40.625,34.8828125
pro_only,49,34.765625,35.3515625
pro_only,50,37.5,35.078125
pro_only,51,48.828125,36.2109375
pro_only,52,49.609375,38.90625
pro_only,53,41.015625,39.6875
pro_only,54,37.890625,40.0
pro_only,55,42.1875,40.9375
pro_only,56,45.703125,41.25
pro_only,57,37.109375,41.5234375
pro_only,58,39.0625,41.3671875
pro_only,59,39.84375,41.875
pro_only,60,27.734375,40.8984375
pro_only,61,25.78125,38.59375
pro_only,62,37.890625,37.421875
pro_only,63,30.46875,36.3671875
pro_only,64,28.125,35.390625
pro_only,65,44.140625,35.5859375
pro_only,66,33.59375,34.375
pro_only,67,39.453125,34.609375
pro_only,68,54.296875,36.1328125
pro_only,69,30.46875,35.1953125
pro_only,70,35.15625,35.9375
pro_only,71,37.5,37.109375
pro_only,72,29.6875,36.2890625
pro_only,73,28.90625,36.1328125
pro_only,74,23.046875,35.625
pro_only,75,55.46875,36.7578125
pro_only,76,51.171875,38.515625
pro_only,77,47.65625,39.3359375
pro_only,78,41.796875,38.0859375
pro_only,79,44.140625,39.453125
pro_only,80,41.015625,40.0390625
pro_only,81,28.90625,39.1796875
pro_only,82,53.125,41.5234375
pro_only,83,55.859375,44.21875
pro_only,84,35.9375,45.5078125
pro_only,85,37.890625,43.75
pro_only,86,46.09375,43.2421875
pro_only,87,32.03125,41.6796875
pro_only,88,40.625,41.5625
pro_only,89,35.9375,40.7421875
pro_only,90,37.890625,40.4296875
pro_only,91,48.4375,42.3828125
pro_only,92,40.234375,41.09375
pro_only,93,46.09375,40.1171875
pro_only,94,37.5,40.2734375
pro_only,95,44.921875,40.9765625
pro_only,96,47.265625,41.09375
pro_only,97,49.21875,42.8125
pro_only,98,48.828125,43.6328125
pro_only,99,35.9375,43.6328125
pro_only,100,33.984375,43.2421875
pro_only,101,26.171875,41.015625
pro_only,102,44.140625,41.40625
pro_only,103,44.53125,41.25
pro_only,104,29.6875,40.46875
pro_only,105,38.28125,39.8046875
pro_only,106,41.796875,39.2578125
pro_only,107,44.140625,38.75
pro_only,108,50.390625,38.90625
pro_only,109,44.140625,39.7265625
pro_only,110,43.75,40.703125
pro_only,111,30.859375,41.171875
pro_only,112,54.6875,42.2265625
pro_only,113,42.1875,41.9921875
pro_only,114,22.65625,41.2890625
pro_only,115,35.546875,41.015625
pro_only,116,32.421875,40.078125
pro_only,117,42.96875,39.9609375
pro_only,118,50.78125,40.0
pro_only,119,46.484375,40.234375
pro_only,120,30.859375,38.9453125
pro_only,121,33.203125,39.1796875
pro_only,122,32.421875,36.953125
pro_only,123,39.0625,36.640625
pro_only,124,33.984375,37.7734375
pro_only,125,27.734375,36.9921875
pro_only,126,42.578125,38.0078125
pro_only,127,34.375,37.1484375
pro_only,128,42.1875,36.2890625
pro_only,129,41.40625,35.78125
pro_only,130,32.03125,35.8984375
pro_only,131,34.375,36.015625
pro_only,132,44.140625,37.1875
pro_only,133,35.15625,36.796875
pro_only,134,48.4375,38.2421875
pro_only,135,37.5,39.21875
pro_only,136,52.734375,40.234375
pro_only,137,37.5,40.546875
pro_only,138,41.796875,40.5078125
pro_only,139,38.671875,40.234375
pro_only,140,41.796875,41.2109375
pro_only,141,47.65625,42.5390625
pro_only,142,53.90625,43.515625
pro_only,143,38.671875,43.8671875
pro_only,144,39.84375,43.0078125
pro_only,145,39.84375,43.2421875
pro_only,146,37.890625,41.7578125
pro_only,147,41.796875,42.1875
pro_only,148,29.6875,40.9765625
pro_only,149,33.984375,40.5078125
pro_only,150,32.03125,39.53125
pro_only,151,46.875,39.453125
pro_only,152,37.109375,37.7734375
pro_only,153,36.71875,37.578125
pro_only,154,42.96875,37.890625
pro_only,155,25.78125,36.484375
pro_only,156,50.78125,37.7734375
pro_only,157,38.28125,37.421875
pro_only,158,34.375,37.890625
pro_only,159,43.75,38.8671875
pro_only,160,40.234375,39.6875
pro_only,161,53.515625,40.3515625
pro_only,162,46.484375,41.2890625
pro_only,163,46.09375,42.2265625
pro_only,164,42.578125,42.1875
pro_only,165,49.21875,44.53125
pro_only,166,44.140625,43.8671875
pro_only,167,25.78125,42.6171875
pro_only,168,52.34375,44.4140625
pro_only,169,32.421875,43.28125
pro_only,170,34.765625,42.734375
pro_only,171,46.09375,41.9921875
pro_only,172,40.625,41.40625
pro_only,173,52.34375,42.03125
pro_only,174,48.046875,42.578125
pro_only,175,48.828125,42.5390625
pro_only,176,33.984375,41.5234375
pro_only,177,51.171875,44.0625
pro_only,178,39.0625,42.734375
pro_only,179,53.90625,44.8828125
pro_only,180,46.875,46.09375
pro_only,181,48.828125,46.3671875
pro_only,182,49.609375,47.265625
pro_only,183,43.75,46.40625
pro_only,184,35.9375,45.1953125
pro_only,185,29.6875,43.28125
pro_only,186,38.671875,43.75
pro_only,187,43.75,43.0078125
pro_only,188,36.328125,42.734375
pro_only,189,54.296875,42.7734375
pro_only,190,43.359375,42.421875
pro_only,191,37.890625,41.328125
pro_only,192,52.34375,41.6015625
pro_only,193,56.25,42.8515625
pro_only,194,44.921875,43.75
pro_only,195,48.828125,45.6640625
pro_only,196,33.203125,45.1171875
pro_only,197,48.046875,45.546875
pro_only,198,42.1875,46.1328125
pro_only,199,34.375,44.140625
pro_only,200,46.09375,44.4140625
